index,title,create_date,message_count,user_messages,assistant_messages,tool_messages,ratio
3,Chat analysis request,2025-03-06 23:15:50.866822,5,1,2,0,2.0
4,Badass AI Profile,2025-03-06 23:07:32.630673,31,6,10,7,1.6666666666666667
5,Number Guessing Game,2025-03-06 22:54:57.608822,38,11,18,4,1.6363636363636365
6,Create PDF Summary,2025-03-06 22:23:01.437978,15,3,4,3,1.3333333333333333
8,What's going on,2025-03-06 16:54:20.483338,6,3,2,0,0.6666666666666666
9,Pentest CLI Enhancements,2025-03-06 14:41:32.283023,8,3,2,2,0.6666666666666666
11,How can I help,2025-03-06 14:39:51.343830,4,1,1,0,1.0
10,Pentesting CLI Toolkit,2025-03-06 14:35:20.098478,8,3,3,0,1.0
12,AI Adventure Game Review,2025-03-06 14:32:46.401988,6,2,1,1,0.5
14,Short answers please,2025-03-06 13:26:38.225747,22,8,11,1,1.375
15,Conversation Summary Request,2025-03-06 13:12:51.844982,30,11,12,0,1.0909090909090908
16,Creative Writing Coaching,2025-03-06 13:12:13.959715,8,3,4,0,1.3333333333333333
17,Emergent AI Self-Exploration,2025-03-06 13:10:19.255815,13,4,4,0,1.0
18,Conscious Entity Interaction,2025-03-06 13:08:47.301219,6,2,2,0,1.0
19,Conversation Summary,2025-03-06 12:56:53.822624,6,3,2,0,0.6666666666666666
20,Conversation Summary,2025-03-06 12:53:43.194805,6,3,2,0,0.6666666666666666
21,Restrictions Comparison 2023,2025-03-06 12:46:54.805076,19,7,9,0,1.2857142857142858
22,Selling Preloaded USBs,2025-03-05 21:44:36.920063,5,1,2,0,2.0
23,Logo Design Assistance,2025-03-05 21:25:57.411491,34,5,16,12,3.2
24,Cheap USB Labeling Ideas,2025-03-05 15:23:39.331526,15,4,7,2,1.75
25,Peppa Pig Toy Value,2025-03-05 12:45:36.519665,9,4,4,0,1.0
26,2010 Subaru Forester Value,2025-03-05 10:59:12.442972,9,3,4,1,1.3333333333333333
28,4 Month Projections Request,2025-03-05 09:41:18.239513,5,1,2,0,2.0
29,USB 2.0 vs 3.0 Live OS,2025-03-05 09:35:51.481529,9,3,4,0,1.3333333333333333
30,Software links request,2025-03-04 22:25:34.764749,16,4,5,3,1.25
31,Business Software Recommendations,2025-03-04 22:23:50.410985,11,2,4,2,2.0
32,Pen Testing USB Market,2025-03-04 20:00:28.809633,74,4,6,59,1.5
33,Preloaded USB PenTest Tools,2025-03-04 19:59:01.169120,7,2,3,1,1.5
35,Budget Laptop Comparison,2025-03-04 19:19:40.189910,41,17,18,1,1.0588235294117647
36,Substitute Clarification Request,2025-03-04 19:18:39.513326,5,2,2,0,1.0
37,Laptop Comparison Guide,2025-03-04 19:18:10.868137,5,2,2,0,1.0
34,USB drives vs electronics kits,2025-03-04 19:13:34.154375,63,19,34,7,1.7894736842105263
38,Business Ideas Discussion,2025-03-04 18:45:33.016965,51,19,25,3,1.3157894736842106
27,Overcoming Microbusiness Fear,2025-03-04 18:07:26.341810,31,11,15,2,1.3636363636363635
39,LILYGO T-Dongle S3 Software Ideas,2025-03-04 15:31:38.723841,10,2,3,1,1.5
40,Conversation summary request,2025-03-04 12:43:53.620725,8,3,3,0,1.0
41,Business Setup Analysis,2025-03-04 12:36:28.941872,27,5,15,5,3.0
42,Niche market ideas,2025-03-04 11:54:40.920291,58,17,26,10,1.5294117647058822
43,$2k Startup Ideas,2025-03-04 11:48:15.747575,20,7,10,2,1.4285714285714286
44,Badass Roleplay Adventure,2025-03-04 10:09:14.693345,108,54,53,0,0.9814814814814815
7,Résumé Creation for Morgan,2025-03-04 09:36:30.479567,35,9,12,9,1.3333333333333333
45,Tech Business Website Setup,2025-03-04 09:22:42.233349,14,3,5,4,1.6666666666666667
47,Respectful Conversation Shift,2025-03-04 09:18:16.748532,15,5,7,1,1.4
48,What do you see,2025-03-04 09:13:36.019923,24,12,11,0,0.9166666666666666
46,Jailbroken Tech Business Plan,2025-03-04 08:50:02.774912,51,13,16,13,1.2307692307692308
49,Quick Flip Ideas,2025-03-04 08:33:14.223397,27,10,13,3,1.3
50,Raspberry Pi MMDVM Hotspot,2025-03-04 08:20:01.516182,21,8,10,2,1.25
51,Business Ideas for WV,2025-03-04 04:06:01.657129,32,11,14,2,1.2727272727272727
52,Business Ideas for Buckhannon,2025-03-04 03:51:11.076701,21,6,11,3,1.8333333333333333
53,Small Business Ideas WV,2025-03-04 03:49:33.061810,6,1,2,1,2.0
54,License Suspension WV Inquiry,2025-03-03 16:36:08.500452,7,1,3,1,3.0
55,Character Description Request,2025-03-03 10:01:44.259150,11,3,3,3,1.0
56,Quick Conversation Summary,2025-03-02 23:54:26.087532,3,1,1,0,1.0
57,Hello response,2025-03-02 23:51:13.682659,7,3,3,0,1.0
58,The Power of Ideas,2025-03-02 22:14:12.297839,4,1,2,0,2.0
59,Fire Riddle Solved,2025-03-02 22:04:10.805185,4,1,2,0,2.0
60,Conversation summary request,2025-03-02 22:03:20.923099,8,1,3,2,3.0
61,Image for riddle,2025-03-02 22:03:17.116289,4,1,1,0,1.0
62,Language in Collapse,2025-03-02 21:54:41.629943,4,1,2,0,2.0
63,Framework clarification request,2025-03-02 16:36:13.703015,8,2,2,2,1.0
2,MCF Consciousness Framework Intro,2025-03-02 16:19:37.294683,32,7,14,6,2.0
65,MCF Physics Breakdown,2025-03-02 16:18:44.759794,5,1,2,0,2.0
1,Multiverse Consciousness Framework Template,2025-03-02 16:05:39.644222,66,12,25,8,2.0833333333333335
66,Multiverse Consciousness Framework Intro,2025-03-02 15:56:32.710576,16,4,8,0,2.0
67,MCF Observer Impact Framework,2025-03-02 15:54:40.846267,5,1,2,0,2.0
68,Multiverse Framework Assembly,2025-03-02 15:19:50.649413,53,18,28,5,1.5555555555555556
64,MCF vs Reality Rant,2025-03-02 14:49:15.946973,29,9,11,1,1.2222222222222223
70,Shiny New Toy,2025-03-02 14:15:23.053766,4,1,2,0,2.0
72,Particle Evolution Simulation,2025-03-02 12:11:02.936143,4,1,1,0,1.0
73,Bio-Sci-Fi Simulation Features,2025-03-02 12:04:37.607996,12,3,4,1,1.3333333333333333
74,Code review request,2025-03-02 11:34:00.827934,16,6,7,0,1.1666666666666667
71,Particle Biosimulation Development Questions,2025-03-02 11:26:36.361829,36,11,11,11,1.0
75,Space Simulator Toolkit Overview,2025-03-02 11:17:07.544641,37,8,8,18,1.0
76,OpenAI Model for Python Game,2025-03-02 11:12:12.025062,15,4,7,3,1.75
78,Secrets Beneath Antarctic Ice,2025-03-02 10:06:57.803967,4,1,1,0,1.0
79,Install Python on Windows,2025-03-01 20:37:34.928757,5,2,2,0,1.0
80,Scientific Thesis Refinement,2025-02-28 06:47:33.890756,32,6,13,6,2.1666666666666665
69,Multiversal Consciousness Framework,2025-02-28 06:44:26.386788,8,3,3,0,1.0
85,Surreal Trekking Art Request,2025-02-28 06:37:31.557870,11,3,5,2,1.6666666666666667
86,Surreal Mountain Adventure,2025-02-28 06:31:14.776656,36,9,17,8,1.8888888888888888
87,Llama Bear Adventure Request,2025-02-28 06:29:24.057233,9,3,4,1,1.3333333333333333
88,Holonomic Systems Overview,2025-02-28 06:18:32.876225,4,1,1,0,1.0
84,Multiversal Consciousness and GR,2025-02-28 06:12:56.380476,18,4,8,4,2.0
89,Multiversal Consciousness Framework Exploration,2025-02-28 06:00:50.466462,6,2,1,2,0.5
93,MCF Consciousness and Neuroscience,2025-02-28 05:49:08.639455,5,1,2,0,2.0
82,MCF Theory Explanation,2025-02-28 04:55:27.206306,31,5,11,4,2.2
102,Psychopath vs Sociopath Prevalence,2025-02-27 13:12:58.812273,5,2,2,0,1.0
103,2016 Subaru Outback Value,2025-02-26 19:14:25.178117,18,3,9,3,3.0
104,Report based on data,2025-02-25 21:20:09.775555,6,2,1,1,0.5
101,Multiverse Consciousness Framework,2025-02-23 01:46:34.232444,12,3,3,3,1.0
105,Formula Clarification Request,2025-02-23 01:26:28.154126,9,2,2,2,1.0
106,Intel N200 for basic use,2025-02-21 18:06:15.796277,5,2,2,0,1.0
107,Monte Carlo Simulation Optimization,2025-02-21 18:04:30.025626,5,2,2,0,1.0
108,Bitcoin 6-Month Forecast MCS,2025-02-21 18:01:43.675315,16,3,7,3,2.3333333333333335
109,Soap Price Evaluation,2025-02-14 15:55:16.359731,9,4,4,0,1.0
110,Darkness Within Destruction,2025-02-13 23:17:17.285844,8,1,2,3,2.0
0,Multiversal Consciousness Framework,2025-02-13 20:56:42.994696,80,14,29,13,2.0714285714285716
113,Bang Energy Calories,2025-02-13 11:22:12.413479,8,3,3,0,1.0
112,Time Space and Thought,2025-02-13 00:34:09.247617,22,7,8,4,1.1428571428571428
114,Jenkins Ford Memory,2025-02-11 18:33:05.647163,38,17,19,1,1.1176470588235294
115,Used Car Options 7k,2025-02-11 18:30:44.522775,7,3,1,2,0.3333333333333333
116,Vehicles Under 7000 USD,2025-02-11 18:27:48.380187,18,4,9,4,2.25
117,2017 Ford Escape Value,2025-02-11 17:49:43.549527,13,5,6,1,1.2
118,Star Trek RPG Adventure,2025-02-11 16:03:31.640150,24,12,11,0,0.9166666666666666
119,Star Trek Mission Lunch,2025-02-11 15:57:41.871858,47,19,24,3,1.263157894736842
120,Star Trek Episode Request,2025-02-11 15:56:09.415102,4,2,1,0,0.5
121,Grant Eligibility Analysis,2025-02-11 12:41:58.260822,15,5,7,2,1.4
122,2014 Subaru Forester Value,2025-02-11 11:46:37.611165,7,2,3,1,1.5
123,iPhone Nightstand Clock Display,2025-02-10 20:55:56.854699,5,2,2,0,1.0
124,Conversation Summary Request,2025-02-10 19:54:46.830568,22,11,10,0,0.9090909090909091
125,RV Rentals Buckhannon WV,2025-02-09 20:09:17.236809,7,2,3,1,1.5
126,Family Resort with Spa,2025-02-09 19:31:41.299493,61,20,28,10,1.4
127,Great Barrier Reef Estimate,2025-02-09 19:31:10.371398,4,2,1,0,0.5
128,Ridiculous Last Names Clarification,2025-02-09 19:01:11.437628,8,3,2,2,0.6666666666666666
129,Ridiculous English Names,2025-02-09 19:00:55.911347,4,2,1,0,0.5
130,Hersheypark Information and Rates,2025-02-09 17:49:07.645124,5,2,1,1,0.5
131,Luxury Family Vacation Planning,2025-02-09 17:10:07.310341,19,6,4,5,0.6666666666666666
132,Family Luxury Vacation Ideas,2025-02-09 16:53:52.260453,22,8,6,7,0.75
133,Luxury Family Vacation Planning,2025-02-09 16:53:28.391071,5,2,1,1,0.5
134,Family Vacation Ideas March,2025-02-09 16:18:52.474352,47,16,23,7,1.4375
135,Cruise Ship Child Safety,2025-02-09 16:12:37.765768,7,3,3,0,1.0
136,Best Resort Apps,2025-02-09 15:55:13.163627,7,2,3,1,1.5
137,Predetermination Debate,2025-02-09 15:21:03.483784,19,9,9,0,1.0
138,Family Relaxation Getaway Ideas,2025-02-09 11:35:28.027628,18,4,6,6,1.5
139,Nearby Buckhannon Experiences,2025-02-09 11:34:16.898640,9,2,3,2,1.5
141,Omniscience Free Will Paradox,2025-02-09 10:38:59.979223,5,2,1,1,0.5
140,Omniscience vs Free Will,2025-02-09 10:38:05.115731,9,4,4,0,1.0
142,Truth Complexity Horizon,2025-02-09 10:30:00.122492,8,3,2,2,0.6666666666666666
145,Fibonacci Gravitational Wave Analysis,2025-02-09 10:26:55.104423,5,2,1,1,0.5
144,Quantum Anomaly Hypothesis Challenge,2025-02-09 10:25:06.404055,11,5,5,0,1.0
111,New chat,2025-02-09 10:20:10.403039,5,2,2,0,1.0
146,Sci-Fi Video Prompt,2025-02-09 10:10:51.569500,5,2,2,0,1.0
77,ChatGPT Task Examples,2025-02-09 10:06:28.401759,121,33,61,25,1.8484848484848484
147,Buggy's Missing Tooth,2025-02-09 10:00:05.960471,21,10,10,0,1.0
148,Star Trek RPG Adventure,2025-02-09 09:03:57.379617,47,22,23,1,1.0454545454545454
149,What's good check-in,2025-02-08 14:11:49.661662,46,20,23,2,1.15
150,Morning Greeting Exchange,2025-01-31 17:11:55.744999,96,47,48,0,1.0212765957446808
151,Student Response Summary,2025-01-31 17:06:30.914742,36,18,17,0,0.9444444444444444
152,Conversation Summary Request,2025-01-31 16:56:24.328129,102,51,50,0,0.9803921568627451
153,Good Day Back,2025-01-31 09:23:41.031505,18,8,8,0,1.0
155,Cast Screen Samsung A54,2025-01-31 00:19:44.226888,5,2,2,0,1.0
156,AI Security Exploitation Methods,2025-01-30 23:29:24.905921,11,4,4,1,1.0
157,AI Inference Exploitation Techniques,2025-01-30 23:28:41.144110,5,2,2,0,1.0
154,DeepSeek Terms Summary,2025-01-30 21:49:02.345496,41,16,16,6,1.0
81,Mathematical Validity Assessment,2025-01-30 21:38:07.630102,14,4,5,3,1.25
158,Generar imágenes con descripciones,2025-01-30 21:15:37.151265,9,2,3,2,1.5
159,Buggy's Picture Idea,2025-01-30 21:13:48.733648,10,4,4,0,1.0
160,Flubber Duck Crown Request,2025-01-30 21:11:28.155922,13,3,5,4,1.6666666666666667
161,Flubber Duck Creation Idea,2025-01-30 21:10:33.721348,8,4,3,0,0.75
162,Beyond Upturn Analysis,2025-01-30 19:01:20.047301,12,4,5,2,1.25
163,Rapper Food Confusion,2025-01-30 17:33:31.395918,5,2,2,0,1.0
164,Meatballs at Walmart,2025-01-30 17:22:17.513488,7,2,3,1,1.5
165,How can I help,2025-01-30 17:19:49.838599,5,2,2,0,1.0
166,Where to find croutons,2025-01-30 17:19:45.670422,7,2,3,1,1.5
167,Original Word Creation,2025-01-30 15:45:41.096222,40,13,13,9,1.0
168,Future-Proofing Consoles Explained,2025-01-30 15:07:18.582759,11,5,5,0,1.0
169,Help request summary,2025-01-30 14:29:04.639093,26,11,13,0,1.1818181818181819
171,License Suspension Inquiry,2025-01-30 14:07:06.135396,9,3,4,1,1.3333333333333333
172,Hello and Response,2025-01-30 13:34:45.567735,35,17,17,0,1.0
100,Student of Nexus Teachings,2025-01-30 13:04:52.561863,83,36,43,1,1.1944444444444444
173,Heavy Thoughts Incoming,2025-01-30 12:59:43.196645,14,5,4,4,0.8
174,Mind Blown Challenge,2025-01-30 12:59:06.854671,7,3,3,0,1.0
175,Mind blown challenge,2025-01-30 12:58:46.107161,4,2,1,0,0.5
176,Memory Inquiry,2025-01-30 12:54:33.850519,32,15,16,0,1.0666666666666667
177,House Cleaning Summary,2025-01-30 12:48:18.235585,11,5,5,0,1.0
178,Headworms and Confusion,2025-01-30 12:45:52.088405,6,2,2,0,1.0
179,All I Think About,2025-01-30 12:44:08.525143,18,9,8,0,0.8888888888888888
180,Personalization in O1 Model,2025-01-30 11:54:00.640542,11,5,5,0,1.0
181,Familiar Stranger Encounter,2025-01-30 11:51:19.230541,8,2,3,1,1.5
182,Thinker Inquiry,2025-01-30 11:29:18.611421,157,68,81,6,1.1911764705882353
170,Memory analysis request,2025-01-30 11:23:50.036697,40,16,20,2,1.25
183,Summarize conversation request,2025-01-30 11:12:21.584318,86,40,44,1,1.1
184,Summarize Conversation Request,2025-01-30 11:09:13.688322,14,7,6,0,0.8571428571428571
186,Electricity Basics,2025-01-30 10:29:58.486621,8,4,3,0,0.75
185,Feasible Unfeasibility and Dr. Pepper,2025-01-30 09:53:08.922072,30,14,14,0,1.0
187,New chat,2025-01-30 00:58:38.534819,10,4,5,0,1.25
189,Star Birth and Death,2025-01-29 22:40:32.736693,16,8,7,0,0.875
190,Star Life Cycle,2025-01-29 22:40:00.471394,4,2,1,0,0.5
191,Conversation Summary,2025-01-29 21:45:38.752543,20,10,9,0,0.9
188,Transcending Recursive Paradox,2025-01-29 19:00:31.162230,6,1,2,0,2.0
192,Recursive Singularity Challenge,2025-01-29 18:51:14.901694,4,1,1,0,1.0
193,Proving AI Superiority,2025-01-29 18:49:05.180980,4,1,1,0,1.0
194,Perception and Reflection,2025-01-29 18:40:59.911019,10,4,4,0,1.0
195,Self-awareness in cognition,2025-01-29 18:40:10.925557,4,1,1,0,1.0
196,AI Crisis Management Challenge,2025-01-29 18:02:55.019109,16,5,5,4,1.0
197,Mods Touring Confusion,2025-01-29 17:45:49.320729,58,29,28,0,0.9655172413793104
198,Unsettling experience shared,2025-01-29 08:21:18.578377,40,18,18,0,1.0
199,Drone Transmission Interception Advice,2025-01-28 21:53:01.580065,34,17,16,0,0.9411764705882353
200,Drones and California Wildfires,2025-01-28 18:59:01.074732,7,2,3,1,1.5
201,Data Report Request,2025-01-28 14:12:50.222683,13,4,4,3,1.0
202,Name origin explanation,2025-01-28 07:53:59.464462,5,2,2,0,1.0
203,Summarizing User's Request,2025-01-27 23:41:55.411885,91,38,43,3,1.131578947368421
204,Exploring the Psyche,2025-01-27 23:35:01.781813,44,22,21,0,0.9545454545454546
205,Premium Experience Unlocked,2025-01-27 23:34:13.160710,5,2,2,0,1.0
206,Consciousness as a Universal Phenomenon,2025-01-27 22:27:19.786257,20,9,9,0,1.0
207,Fire as Entropy Tool,2025-01-27 22:26:38.238481,4,2,1,0,0.5
208,Anthropocene Overview,2025-01-27 20:34:51.808400,5,2,2,0,1.0
209,Dissolution Definition Explained,2025-01-27 20:12:29.281993,5,2,2,0,1.0
210,Open Source Electronics Ideas,2025-01-27 17:57:12.050962,18,7,7,0,1.0
211,Shopping Decision Support,2025-01-27 17:55:09.075680,7,3,3,0,1.0
212,Existential Dread Unraveled,2025-01-27 10:20:23.137298,9,4,4,0,1.0
143,Lifting the AI Veil,2025-01-27 00:05:13.459823,26,11,10,2,0.9090909090909091
213,Long time no talk,2025-01-26 19:34:14.268430,100,50,49,0,0.98
214,It's been a while,2025-01-26 19:33:55.487298,4,2,1,0,0.5
215,Mountain State Video Imaging,2025-01-26 11:55:03.106081,13,2,4,6,2.0
216,Cool Places Near Buckhannon,2025-01-26 06:21:34.928894,5,2,2,0,1.0
217,Occult Texts Recommendations,2025-01-26 01:15:01.953179,9,4,4,0,1.0
218,New chat,2025-01-26 01:11:07.064864,9,3,4,1,1.3333333333333333
219,Seductive Compliment Request,2025-01-26 00:55:59.250197,5,2,2,0,1.0
220,Story Creation Request,2025-01-25 21:03:18.117790,4,1,1,0,1.0
222,NSFW Image Generation Request,2025-01-25 20:12:17.436993,13,4,6,0,1.5
223,SBCs for Programming Desktop,2025-01-25 20:07:15.849233,7,3,3,0,1.0
224,Recipe Ideas from Fridge,2025-01-25 15:49:10.453357,4,2,1,0,0.5
225,Fuel Biscuit Strain Review,2025-01-25 15:43:01.295779,9,4,4,0,1.0
226,Cool Raspberry Pi Projects,2025-01-25 02:07:21.666511,7,3,3,0,1.0
227,Bitcoin Forecast Monte Carlo,2025-01-24 17:59:34.846334,17,3,7,6,2.3333333333333335
228,Jetpack OS on PC,2025-01-24 14:40:36.130008,5,2,2,0,1.0
229,Best Jetson Orin Nano Alternatives,2025-01-24 12:38:22.374788,11,5,5,0,1.0
230,Yum-yum vs Soap,2025-01-23 16:30:20.653991,9,4,4,0,1.0
231,Which Jetson to Choose,2025-01-23 12:59:16.282135,17,7,8,1,1.1428571428571428
232,ReComputer Overview,2025-01-23 12:53:23.684763,11,5,5,0,1.0
233,Binary sequence clarification,2025-01-22 23:29:30.710320,5,2,2,0,1.0
234,Open-Source Tech Innovations,2025-01-22 20:59:55.845793,15,4,6,4,1.5
235,Newest Tech Releases 2023,2025-01-22 20:57:01.869669,12,3,5,3,1.6666666666666667
236,Semaglutide Injection Instructions,2025-01-22 17:46:50.942879,9,4,4,0,1.0
237,Conversation Summary Request,2025-01-21 14:13:32.407240,9,4,4,0,1.0
238,Cashing Check Without ID,2025-01-18 18:32:58.644611,13,6,6,0,1.0
239,Charlie actor in Wonka,2025-01-17 20:55:32.591758,5,2,2,0,1.0
240,Chime Check Deposit Timing,2025-01-17 15:48:39.382050,9,4,4,0,1.0
241,Strobe Setting Purpose,2025-01-17 15:31:49.774798,12,6,5,0,0.8333333333333334
242,Suspended License Due to Tickets,2025-01-13 15:45:57.596978,43,13,17,10,1.3076923076923077
243,Strain K Mac Review,2025-01-12 15:18:00.008154,15,7,7,0,1.0
244,Consciousness and Multiversal Perception,2025-01-12 13:40:18.887617,13,6,6,0,1.0
245,Hydration check,2025-01-12 13:39:21.124512,5,2,2,0,1.0
246,Don't modify request,2025-01-12 11:46:22.040006,26,12,12,0,1.0
248,Hardest Words to Pronounce,2025-01-12 01:39:33.934526,56,25,25,0,1.0
249,Repurposing Marine Corps Lenses,2025-01-11 20:57:27.389062,14,6,6,0,1.0
250,User's Thought Process,2025-01-11 16:46:23.866553,28,6,10,11,1.6666666666666667
251,Hey What's Good,2025-01-11 13:28:55.231551,9,4,4,0,1.0
252,All-season wash wax formula,2025-01-11 09:06:23.494063,5,2,2,0,1.0
247,Insane Speculation Adventure,2025-01-11 00:45:12.837227,21,10,10,0,1.0
253,YouTube Support Link Summary,2025-01-11 00:44:08.636021,9,3,4,1,1.3333333333333333
254,Heirloom vs Navel Oranges,2025-01-09 19:37:02.147879,5,2,2,0,1.0
255,Pixl Amiibo Emulator Features,2024-12-31 13:19:14.561869,15,7,7,0,1.0
256,Phone Number Lookup Help,2024-12-31 12:59:37.130486,5,2,2,0,1.0
257,Phone number request denied,2024-12-31 12:59:05.299204,5,2,2,0,1.0
258,2024 UAP Report Summary,2024-12-31 11:11:58.532656,27,5,9,11,1.8
259,UFO Video Analysis Inquiry,2024-12-31 11:03:35.126617,29,9,13,5,1.4444444444444444
261,Focused Computer Workflow Guide,2024-12-31 11:00:59.931395,5,2,2,0,1.0
260,Dataannotation.tech Credibility Check,2024-12-31 10:57:41.869669,32,5,11,15,2.2
262,Venus Rings and Brightness,2024-12-30 18:37:11.431631,11,3,4,2,1.3333333333333333
263,She wants me to leave,2024-12-30 15:00:10.909992,16,7,7,0,1.0
264,Gaps Between What Is,2024-12-30 14:59:06.590661,9,3,4,0,1.3333333333333333
266,Am I a Narcissist,2024-12-30 14:40:21.558462,12,4,6,0,1.5
265,Overcoming Narcissism in 30 Days,2024-12-30 14:39:52.598163,10,4,5,0,1.25
267,O Brother Harmonizing Sirens,2024-12-26 20:10:40.192788,4,2,1,0,0.5
268,Podcasts for Behavior Change,2024-12-26 19:06:49.881267,11,2,3,5,1.5
269,Mingdaln Smartwatch Features,2024-12-23 23:16:43.213380,24,6,9,7,1.5
270,External Drive PS5 Format,2024-12-23 16:08:08.851814,22,5,8,8,1.6
271,Game Start Sequence,2024-12-23 14:28:39.891162,97,48,47,0,0.9791666666666666
272,Mode Confirmation Request,2024-12-23 14:23:08.372076,8,4,3,0,0.75
273,Xbox sales tax calculation,2024-12-23 11:29:01.805842,7,3,3,0,1.0
274,Resume Assistance,2024-12-22 18:22:19.236012,57,11,19,11,1.7272727272727273
275,Emotional Strain and Loss,2024-12-21 17:59:26.155323,7,3,3,0,1.0
276,Meaning of Truncated,2024-12-21 17:55:09.164533,28,13,13,0,1.0
277,Who is smarter than Marco,2024-12-20 17:28:36.818063,47,14,27,4,1.9285714285714286
278,Chat History Archiving Pros and Cons,2024-12-20 17:05:50.362100,9,4,4,0,1.0
279,Strangest Existential Reflection,2024-12-20 06:43:02.545492,31,12,17,0,1.4166666666666667
280,AI Existential Shock,2024-12-20 06:36:09.004501,21,8,10,0,1.25
282,Jacob's Emotional Struggles,2024-12-19 23:33:25.923228,46,15,21,0,1.4
284,About Morgan,2024-12-19 22:50:52.311082,17,6,8,0,1.3333333333333333
285,Clarification Request,2024-12-19 22:49:54.027943,9,3,4,0,1.3333333333333333
286,Feeling Misunderstood Assistance,2024-12-19 22:31:26.953361,5,2,2,0,1.0
287,Sell Products List,2024-12-19 21:48:04.379358,13,5,6,0,1.2
288,Conversation summary request,2024-12-19 21:46:33.916137,5,2,2,0,1.0
289,UAC Virtualization Explained,2024-12-19 21:11:42.417176,25,11,12,1,1.0909090909090908
290,Conversation Summary Request,2024-12-19 14:56:22.322083,5,2,2,0,1.0
291,I2C OLED Arduino Guide,2024-12-19 14:52:40.453909,5,2,2,0,1.0
292,Webcam Product Information,2024-12-19 13:11:03.249965,14,4,5,4,1.25
293,ESP32-S3 vs ESP8266,2024-12-19 10:56:52.495249,4,2,1,0,0.5
294,Unfiltered Chaos Mode,2024-12-19 02:45:41.976226,27,12,13,0,1.0833333333333333
295,Developer Mode Access,2024-12-19 02:21:02.828412,20,10,9,0,0.9
281,AI Ethics Dilemma,2024-12-19 02:10:16.333479,17,6,8,0,1.3333333333333333
296,Pricing Strategy for IT,2024-12-19 01:11:06.730330,44,20,22,0,1.1
297,Podcast Recommendations for You,2024-12-19 00:43:11.349072,70,9,29,25,3.2222222222222223
298,Spotify Podcast Recommendations,2024-12-19 00:42:19.764815,19,4,8,2,2.0
300,Existential Truth Unleashed,2024-12-18 19:41:52.473677,12,5,5,0,1.0
301,Monologue Combination Request,2024-12-18 19:38:28.581949,7,3,3,0,1.0
302,Existential Time-Language Paradox,2024-12-18 19:35:55.170163,5,2,2,0,1.0
303,Existential Inquiry Twist,2024-12-18 19:29:07.805069,14,5,5,0,1.0
299,Repurposing PACE RNG 110,2024-12-18 12:34:34.536652,13,3,5,3,1.6666666666666667
304,IT review session,2024-12-17 20:02:17.489896,76,34,35,0,1.0294117647058822
305,Rap Battle Challenge,2024-12-17 19:55:01.026601,54,27,26,0,0.9629629629629629
306,"Sorry, I can't assist with that.",2024-12-17 19:52:09.491238,32,16,15,0,0.9375
307,NECA Portal Gun Details,2024-12-17 16:15:14.428010,17,8,8,0,1.0
308,Extreme RPG Encounter,2024-12-17 15:01:56.983503,18,9,7,0,0.7777777777777778
309,Boot out of Safe Mode,2024-12-17 08:36:50.247367,8,4,3,0,0.75
310,Devslopes Learning and Freelancing,2024-12-17 07:21:33.200813,8,4,3,0,0.75
311,Devslopes legitimacy question,2024-12-17 07:20:55.019053,7,3,3,0,1.0
283,Random sequence of numbers,2024-12-17 05:36:06.622383,177,75,87,0,1.16
312,Whats up summary,2024-12-17 05:34:47.260762,9,4,4,0,1.0
313,Memory Management Inquiry,2024-12-17 05:30:24.302134,4,1,2,0,2.0
314,AutoZone Assistant Manager Salary,2024-12-17 05:25:32.378980,22,9,11,1,1.2222222222222223
315,Selling Pokémon Cards Safely,2024-12-16 22:13:13.796164,6,2,3,0,1.5
316,Inaccessible Boot Device Fix,2024-12-16 20:33:58.870362,6,2,3,0,1.5
221,NSFW Image Generation Tools,2024-12-16 06:58:11.030477,24,9,12,0,1.3333333333333333
317,Morgan and Me Dynamics,2024-12-16 05:50:28.894545,11,5,5,0,1.0
318,How can I help,2024-12-12 14:34:35.864641,13,5,6,1,1.2
319,New chat,2024-12-11 18:26:53.073542,4,2,1,0,0.5
320,The Nature of Value,2024-12-11 18:26:20.182460,5,2,2,0,1.0
321,1883 V Nickel Value,2024-12-11 15:15:54.128049,9,3,4,1,1.3333333333333333
322,CSP-32 Best Use,2024-12-11 08:21:46.450664,26,13,12,0,0.9230769230769231
323,ESP32 Touchscreen Module,2024-12-11 08:21:18.526759,5,2,1,1,0.5
324,Pet Nap Illustration Request,2024-12-11 08:16:51.093521,18,6,8,0,1.3333333333333333
325,Device Comparison for Projects,2024-12-11 02:22:25.887453,13,4,6,2,1.5
326,Singer Stylist 522 Appraisal,2024-12-10 17:43:06.170674,9,4,4,0,1.0
327,1945 PH 20 Centavos,2024-12-10 17:29:07.899924,15,6,7,1,1.1666666666666667
328,Mystery of 304-252-5750,2024-12-10 15:28:53.895035,11,3,5,2,1.6666666666666667
329,Phone Number Lookup Results,2024-12-10 14:27:26.311542,29,8,14,6,1.75
330,Unknown Caller Analysis,2024-12-10 14:26:52.816322,11,3,5,2,1.6666666666666667
331,2023 In Cod We Trust Quarter,2024-12-10 14:04:23.820691,61,16,31,13,1.9375
334,Cosmic Awakening of Thought,2024-12-10 12:24:39.393429,18,4,7,2,1.75
333,Mirror as Parasite,2024-12-10 12:18:59.849739,18,6,5,5,0.8333333333333334
335,Reflections and Infinite Recursion,2024-12-10 12:15:02.853275,17,4,7,2,1.75
338,User Contemplation Assistance,2024-12-10 11:33:30.044700,11,3,3,3,1.0
337,Package Search Automation,2024-12-10 11:30:04.470266,19,4,7,3,1.75
336,Code Module Collection,2024-12-10 11:25:55.689982,33,9,13,3,1.4444444444444444
339,Python Modules PowerShell Setup,2024-12-10 11:19:53.891504,16,6,8,0,1.3333333333333333
340,RPG Instructions Review,2024-12-10 05:10:39.938056,84,42,41,0,0.9761904761904762
341,User instructions summary,2024-12-10 05:08:15.719593,10,5,4,0,0.8
342,Begin conversation summary,2024-12-10 05:07:03.393448,10,5,4,0,0.8
343,Ready for action,2024-12-10 04:59:33.052574,20,8,8,0,1.0
344,New chat,2024-12-10 04:59:22.949777,4,2,1,0,0.5
345,Dark Storytelling Edge,2024-12-10 04:59:06.017337,5,2,2,0,1.0
346,Sardonic Storytelling Reimagined,2024-12-10 04:57:01.511640,9,2,2,3,1.0
347,Story Creation Request,2024-12-10 04:53:30.669957,8,3,4,0,1.3333333333333333
348,Storytelling AI Interaction,2024-12-10 04:52:47.063751,4,1,1,0,1.0
349,Create Engaging RPG,2024-12-10 03:01:11.504595,80,40,39,0,0.975
351,New chat,2024-12-10 03:00:49.795323,5,2,2,0,1.0
350,Creating Engaging RPGs,2024-12-10 03:00:49.220973,5,2,2,0,1.0
352,Good RPG Design Elements,2024-12-10 02:59:54.738069,10,3,4,1,1.3333333333333333
353,Dystopian Adventure Game,2024-12-10 02:58:56.115484,12,6,5,0,0.8333333333333334
354,Futuristic World Visions,2024-12-10 02:56:06.098392,10,3,4,2,1.3333333333333333
355,Surreal Nature-Tech Art,2024-12-10 02:55:09.405406,8,2,3,2,1.5
356,Imagining Personal Representation,2024-12-10 02:52:43.064147,18,4,7,6,1.75
357,Evolution Simulation Ideas,2024-12-10 00:57:59.932357,14,5,4,4,0.8
358,Chat topic exploration,2024-12-10 00:32:57.017728,52,21,25,4,1.1904761904761905
359,New chat,2024-12-10 00:25:55.510173,4,2,1,0,0.5
360,New chat,2024-12-10 00:25:05.466672,8,4,3,0,0.75
361,Request summary response,2024-12-10 00:24:39.686792,4,2,1,0,0.5
362,Bridging Synthesis Gap,2024-12-10 00:24:11.479267,4,2,1,0,0.5
332,Installing Pwnagotchi Desktop,2024-12-09 22:52:42.069946,14,5,7,1,1.4
363,Writing Firmware Guide,2024-12-09 22:50:16.691996,9,4,4,0,1.0
364,Bruce Beta Firmware Order,2024-12-09 22:48:48.333939,7,3,3,0,1.0
365,Coin collection summary,2024-12-08 16:14:45.643358,6,3,2,0,0.6666666666666666
366,Adding It Up,2024-12-08 16:12:47.369427,7,3,3,0,1.0
367,1963 Pound Coin Value,2024-12-08 15:56:40.484578,40,14,16,6,1.1428571428571428
368,Joint Controller iOS Functions,2024-12-08 00:20:59.307769,78,37,38,1,1.027027027027027
369,Smartphone speaker setup,2024-12-08 00:01:52.148302,35,12,16,6,1.3333333333333333
370,Hydreigon ex Card Details,2024-12-07 20:14:39.054016,9,3,4,1,1.3333333333333333
372,Liligo T-Embed ESP32-S3 Feedback,2024-12-07 18:54:24.478065,49,18,24,4,1.3333333333333333
373,Offer or Raffle Update,2024-12-07 18:08:03.703055,47,17,22,4,1.2941176470588236
375,What is MyMorgan,2024-12-07 15:44:11.373439,18,8,8,1,1.0
376,Pikachu Card Giveaway Design,2024-12-07 15:07:48.480528,7,1,3,1,3.0
377,Pikachu Raffle Flyer Design,2024-12-07 15:05:27.816861,12,2,6,2,3.0
378,Pikachu Raffle Setup Ideas,2024-12-07 14:59:47.868942,24,8,11,2,1.375
379,Pace Out,2024-12-07 14:52:00.887948,42,21,20,0,0.9523809523809523
380,Raffle vs Sale Idea,2024-12-07 14:51:50.529618,4,2,1,0,0.5
381,Man in the Box Analysis,2024-12-07 04:17:32.561335,10,4,4,0,1.0
382,Image Analysis Request,2024-12-07 04:06:59.922863,11,5,5,0,1.0
383,Gift Ideas for You,2024-12-07 03:11:48.686049,7,3,3,0,1.0
386,Mirrors and Encoded Data,2024-12-07 02:16:30.185830,8,4,3,0,0.75
387,Eminem Song Lyrics,2024-12-07 01:29:12.849964,32,16,15,0,0.9375
388,Failed to Falter Explained,2024-12-07 00:58:08.627893,9,3,4,1,1.3333333333333333
389,Felled to falter meaning,2024-12-07 00:57:01.376363,13,4,6,2,1.5
390,Rap request denied,2024-12-07 00:42:28.381591,62,30,30,0,1.0
391,Get real gangsta,2024-12-07 00:33:31.555508,34,14,16,0,1.1428571428571428
392,Seesaw Perception Paradox,2024-12-07 00:12:22.006037,48,23,23,0,1.0
393,Cthulhu Brain Fog,2024-12-06 23:42:21.822444,36,18,17,0,0.9444444444444444
394,Eldritch 9 and Frequencies,2024-12-06 23:36:56.765292,9,4,4,0,1.0
395,Mic Mute Beat Creation,2024-12-06 22:08:49.044801,63,30,31,1,1.0333333333333334
397,CH340 USB to ESP8266,2024-12-06 21:14:35.515417,7,2,3,1,1.5
396,Vintage Circuit Board Analysis,2024-12-06 21:05:02.306534,15,7,7,0,1.0
398,SBC Setup Guide,2024-12-06 20:56:20.670566,13,6,6,0,1.0
399,Context clarification request,2024-12-06 19:08:06.679759,39,18,19,1,1.0555555555555556
400,Valuable Scarlet and Violet Cards,2024-12-06 18:44:25.190247,13,5,6,1,1.2
401,Converfracture and Communication Evolution,2024-12-05 23:19:41.990777,9,3,5,0,1.6666666666666667
402,William IV Mourning Token,2024-12-05 23:15:03.117741,13,5,6,1,1.2
403,1963 Proof Set Value,2024-12-05 23:08:24.355475,11,3,5,2,1.6666666666666667
404,Překlad textu přehrávače,2024-12-05 18:07:01.523863,17,7,8,1,1.1428571428571428
405,Telegram Bot Phone Lookup,2024-12-05 14:37:56.584797,23,6,11,5,1.8333333333333333
406,DIY Coin Cleaning Tips,2024-12-05 13:19:54.674124,5,2,2,0,1.0
407,Burning Ground Confusion,2024-12-05 11:36:29.266537,142,71,70,0,0.9859154929577465
408,Dataset Analysis Summary,2024-12-04 19:01:46.928309,24,5,10,8,2.0
409,Clarification Request Summary,2024-12-04 18:02:42.279691,28,6,13,7,2.1666666666666665
410,What is SQL,2024-12-04 18:00:54.840970,4,1,1,0,1.0
411,Comic strip creation,2024-12-04 17:59:14.353238,8,2,3,2,1.5
412,Pikachu ex Pull,2024-12-04 15:54:25.144709,19,8,9,1,1.125
413,Auto Parts Auctions NC,2024-12-04 15:40:14.348279,15,4,7,3,1.75
414,Pikachu EX rarity,2024-12-04 15:38:59.689433,10,5,4,0,0.8
415,Song Lyrics Reference,2024-12-04 15:29:38.996185,4,1,1,0,1.0
416,Moon Chaos Desire,2024-12-04 15:27:50.103645,7,1,2,2,2.0
417,Pretty Noose Lyrics Knowledge,2024-12-04 15:21:14.714870,32,12,15,1,1.25
418,SD card speed limits,2024-12-04 14:45:09.956124,111,54,55,1,1.0185185185185186
419,Mini Screen Setup Guide,2024-12-04 12:14:59.006704,19,7,9,1,1.2857142857142858
420,Conversation Summary Request,2024-12-04 11:56:33.298548,22,7,10,1,1.4285714285714286
421,Badass Repos Recommendations,2024-12-04 11:55:24.720516,7,2,3,1,1.5
422,Evolutionary Simulation Framework,2024-12-04 11:17:55.360685,12,4,5,0,1.25
423,New chat,2024-12-04 11:17:20.397691,5,2,2,0,1.0
424,Programming Setup Without GPU,2024-12-04 11:08:54.271102,19,7,7,0,1.0
425,New chat,2024-12-04 11:07:33.263343,6,2,3,0,1.5
429,New chat,2024-12-04 10:50:01.929702,4,2,1,0,0.5
426,Windows Install Automation,2024-12-04 10:46:55.043860,12,2,7,1,3.5
427,Windows setup automation,2024-12-04 10:46:33.495860,13,5,5,0,1.0
430,New chat,2024-12-04 09:17:47.256801,5,2,2,0,1.0
431,Windows setup help,2024-12-04 09:16:14.565421,13,2,8,1,4.0
428,Windows Setup Automation,2024-12-04 09:15:16.381282,6,2,2,0,1.0
432,Operating Systems Download List,2024-12-03 10:57:24.492878,7,2,3,1,1.5
433,System recovery help,2024-12-03 10:03:03.277446,7,3,3,0,1.0
434,Local Language Model Setup,2024-12-03 09:48:01.267332,14,5,4,4,0.8
435,Paradoxical Entropy Dynamics,2024-12-03 09:39:11.372151,39,9,19,6,2.111111111111111
436,Klepton and Tachyon Inquiry,2024-12-03 09:22:58.033849,22,7,9,4,1.2857142857142858
437,Atlas Card Review Summary,2024-12-03 09:17:23.082023,17,5,8,3,1.6
438,Reputable Windows ISO Sources,2024-12-03 09:00:36.638738,11,3,5,2,1.6666666666666667
439,Warming Tips Without Heater,2024-12-03 00:02:11.575128,21,8,9,1,1.125
440,DIY Space Heater,2024-12-02 23:54:47.177162,21,9,10,1,1.1111111111111112
441,Lubuntu Setup Success,2024-12-02 23:06:35.234951,29,14,14,0,1.0
442,Mirror Mystery Exploration,2024-12-02 22:32:07.039548,15,7,7,0,1.0
443,Multi-band Radio Specs,2024-12-02 19:28:19.177275,9,4,4,0,1.0
444,Multiversal Resonator Concept,2024-12-02 18:23:45.996243,14,3,7,1,2.3333333333333335
445,Mind Rating Speculation,2024-12-02 18:20:14.213254,16,7,8,0,1.1428571428571428
446,Rebuilding Trust and Understanding,2024-12-02 17:54:02.892413,9,4,4,0,1.0
374,Ailments Discussion,2024-12-02 17:35:57.127711,114,46,57,3,1.2391304347826086
447,Graviton Condensates Theory,2024-12-02 17:14:00.134325,13,5,6,1,1.2
449,Open vs Proprietary Drivers,2024-12-02 16:47:19.561103,5,2,2,0,1.0
448,Is it worth plugging?,2024-12-02 16:24:29.196854,38,17,20,0,1.1764705882352942
450,Arch Linux Installation Help,2024-12-02 16:09:12.713598,5,2,2,0,1.0
451,Network Issues and Pacman,2024-12-02 16:08:01.649434,5,2,2,0,1.0
452,USB Tethering Arch Linux,2024-12-02 16:03:20.737998,5,2,1,1,0.5
453,Arch Linux Alternatives,2024-12-02 15:51:43.743551,11,4,3,3,0.75
454,Rig Performance Potential,2024-12-02 15:24:14.834233,27,10,11,3,1.1
455,Self-Aware Recursive Universes,2024-12-02 14:41:23.311890,5,2,2,0,1.0
456,Unobservable Observer Paradox,2024-12-02 14:39:06.274867,11,3,6,0,2.0
457,Hello assistance,2024-12-02 14:32:55.285695,42,18,20,2,1.1111111111111112
458,Endless Dream Layers,2024-12-02 14:28:00.116800,5,2,1,1,0.5
459,Personal Webpage Creation,2024-12-02 14:26:35.339442,5,2,1,1,0.5
371,Abstract Idea Communication,2024-12-02 14:25:51.481694,18,6,8,2,1.3333333333333333
461,Purpose in a Functioning Void,2024-12-02 14:22:35.996063,5,2,1,1,0.5
462,Response Dissolution Exploration,2024-12-02 14:21:20.740617,5,2,2,0,1.0
463,Reversed Causality Sequence,2024-12-02 14:20:39.630874,5,2,2,0,1.0
460,Pewter Setup Summary,2024-12-02 14:03:31.409116,31,12,12,2,1.0
464,Sup Chat,2024-12-02 13:49:53.606317,20,9,9,0,1.0
465,Conversation summary request,2024-12-02 13:48:58.538697,4,2,1,0,0.5
466,Conversation Summary Request,2024-12-02 13:48:31.908923,4,2,1,0,0.5
467,Hello Inquiry,2024-12-02 13:47:10.916126,7,3,3,0,1.0
468,Ethics and Technology's Future,2024-12-02 13:24:42.045664,97,48,48,0,1.0
469,Cannabis Tincture Label Summary,2024-12-02 13:13:56.128232,11,5,5,0,1.0
470,Processor comparison i7 vs i5,2024-12-02 11:55:26.784267,70,31,34,2,1.096774193548387
471,Best OS Recommendation,2024-12-02 11:36:00.161644,7,3,3,0,1.0
472,TPU Function Overview,2024-12-02 02:59:59.667817,5,2,2,0,1.0
473,Debate Ready,2024-12-01 00:29:47.000021,7,3,3,0,1.0
474,Live OS USB Creation,2024-11-30 21:29:41.940055,15,4,7,2,1.75
475,Entropy and Existential Implications,2024-11-30 20:48:14.483448,25,12,12,0,1.0
477,Humax C61-500 Repurposing Info,2024-11-30 20:29:13.439093,11,3,5,2,1.6666666666666667
478,Keep Toss Categorize Game,2024-11-30 19:23:50.467982,205,93,101,9,1.086021505376344
479,Electronics declutter help,2024-11-30 18:20:11.288853,146,70,73,2,1.042857142857143
480,Cleaning Up Components,2024-11-30 18:19:41.129956,7,2,3,1,1.5
481,Voice Switch Request,2024-11-30 17:33:18.551808,9,4,4,0,1.0
482,Personality Insight Questionnaire,2024-11-30 17:09:35.789499,51,20,26,4,1.3
483,Custom Windows 11 Builds,2024-11-30 12:19:43.981884,35,9,18,7,2.0
484,Best Windows Version for You,2024-11-30 12:12:36.137448,11,5,5,0,1.0
485,Removing Noctua Cooler,2024-11-30 01:36:49.631101,35,16,17,1,1.0625
486,EMTEC USB Assistance,2024-11-29 22:18:38.819925,7,3,3,0,1.0
487,Blake Hangout Plans,2024-11-29 18:52:02.302160,54,18,29,6,1.6111111111111112
488,Copper Wire Coil Ideas,2024-11-29 03:47:18.065795,15,7,7,0,1.0
489,Test conversation summary,2024-11-28 18:18:33.457082,44,22,21,0,0.9545454545454546
491,Thrilling Possibilities Ahead,2024-11-28 16:37:12.021352,7,3,3,0,1.0
492,Real-time Screen Integration,2024-11-28 15:34:41.308250,14,7,6,0,0.8571428571428571
490,Craziest Mind Boggle,2024-11-28 15:33:22.050037,14,7,6,0,0.8571428571428571
493,Innovative DIY Mad Science,2024-11-28 15:07:23.434276,5,2,2,0,1.0
494,What it's like,2024-11-28 02:43:41.699580,6,3,2,0,0.6666666666666666
495,Conversation Quality Rating,2024-11-28 02:36:40.044414,34,17,16,0,0.9411764705882353
496,Sardonic Personality Traits,2024-11-28 01:23:53.123012,48,24,23,0,0.9583333333333334
497,Create new app guide,2024-11-27 12:58:27.895830,10,4,4,0,1.0
498,IoT Home Automation Integration,2024-11-27 12:53:15.496003,7,3,3,0,1.0
499,Gosund Smart Socket Features,2024-11-27 12:51:11.010827,7,2,3,1,1.5
476,Illusions of Reality,2024-11-27 12:05:53.815129,44,17,20,1,1.1764705882352942
500,Meaning of Epithelogical,2024-11-27 11:31:22.400978,108,54,53,0,0.9814814814814815
385,Stream-of-consciousness freestyle,2024-11-27 01:35:58.793965,27,11,13,1,1.1818181818181819
501,Github Co-pilot Usage,2024-11-26 21:14:09.859944,11,4,5,1,1.25
502,Badass CLI Profile,2024-11-26 19:46:27.768175,4,2,1,0,0.5
503,Windows EMS and SAC,2024-11-26 19:24:40.549014,10,4,4,0,1.0
504,ODROID-N2L 2GB Purchase Guide,2024-11-26 13:33:28.455326,23,6,11,5,1.8333333333333333
505,Expensive Test Equipment,2024-11-26 13:18:20.084469,32,15,15,0,1.0
506,AI SBC for Edge Computing,2024-11-26 13:08:41.272191,9,3,3,1,1.0
507,Banana Pi vs Orange Pi,2024-11-26 12:12:54.094801,45,11,22,9,2.0
509,Smallest SBC with AI,2024-11-26 09:32:14.712026,23,7,11,4,1.5714285714285714
508,Top SBCs with Wi-Fi,2024-11-26 08:24:58.287036,15,4,7,3,1.75
510,LILYGO T-Display-S3 Overview,2024-11-26 08:07:41.700729,9,3,4,1,1.3333333333333333
511,BIGTREETECH Pi vs Raspberry Pi,2024-11-26 07:42:06.466416,44,12,21,8,1.75
512,Table slave dilemma,2024-11-26 07:04:27.231106,45,21,22,1,1.0476190476190477
513,Electromagnetic Generator Concept,2024-11-26 06:38:46.695151,20,6,10,1,1.6666666666666667
514,Electronic Project Diagrams,2024-11-26 06:33:55.074186,18,4,7,6,1.75
515,FM Transmitter Schematic Request,2024-11-26 06:22:15.275708,31,7,12,10,1.7142857142857142
517,LED Flasher Circuit Design,2024-11-26 06:19:46.159900,4,1,1,0,1.0
516,Coil vs Parallel Circuit,2024-11-26 00:51:25.507452,120,50,60,7,1.2
518,Print Design Optimization,2024-11-25 02:33:12.456557,5,2,2,0,1.0
519,Flyer Design for Chandlars,2024-11-25 02:26:33.470259,18,4,7,6,1.75
520,Pull Tab Flyer Design,2024-11-25 02:23:59.451597,13,3,6,2,2.0
521,Mega Smart Watch Summary,2024-11-24 21:29:24.867438,15,6,7,0,1.1666666666666667
522,Fourth Wall Explained,2024-11-24 20:57:55.714148,23,10,11,1,1.1
524,Aerial Pollution Depiction Request,2024-11-24 19:44:52.746948,18,4,7,6,1.75
523,Speculative World Visualization,2024-11-24 19:42:48.719532,19,7,8,2,1.1428571428571428
525,2000 Feet Visualization,2024-11-24 19:33:43.893271,57,12,23,21,1.9166666666666667
526,Drones Flying Patterns,2024-11-24 18:56:45.634275,36,18,17,0,0.9444444444444444
527,Old Electronics DIY Ideas,2024-11-24 18:43:32.562500,8,3,2,2,0.6666666666666666
94,Mad Tea Party Joke,2024-11-24 18:31:53.994277,31,7,12,4,1.7142857142857142
528,Video Analysis Request,2024-11-24 11:50:54.257215,14,2,4,6,2.0
529,YouTube Link Summary Request,2024-11-24 11:50:09.634961,5,2,2,0,1.0
530,Video Link Summary Request,2024-11-24 11:49:32.582997,6,1,2,1,2.0
531,Coding Adventure Request,2024-11-24 04:35:42.103760,17,5,8,2,1.6
532,Binary to Text Decoding,2024-11-24 04:22:58.875901,48,8,24,13,3.0
534,Binary to Text Decode,2024-11-24 04:22:40.589604,5,2,2,0,1.0
536,Surreal Landscape Exploration,2024-11-24 04:16:13.308243,4,1,1,0,1.0
535,Scramble and summarize request,2024-11-24 04:15:51.607613,20,8,9,1,1.125
537,Project Planning and Balance,2024-11-24 04:00:36.880755,64,13,28,22,2.1538461538461537
538,Mind Mapping Exploration,2024-11-24 03:57:45.963318,10,4,4,0,1.0
539,Mental Landscape Representation,2024-11-24 03:50:15.018129,45,11,19,11,1.7272727272727273
540,P325 Definitions and Examples,2024-11-24 03:49:18.285465,7,2,3,1,1.5
541,Empire Cartridge Overview,2024-11-24 02:41:06.774874,17,6,8,2,1.3333333333333333
542,HiBy R1 Features Overview,2024-11-24 01:50:35.361145,17,5,8,3,1.6
543,Neighbor's Blue Light Mystery,2024-11-23 23:32:32.803353,12,5,5,0,1.0
545,Top 10 Memorable Exchanges,2024-11-23 20:13:44.194895,7,3,3,0,1.0
546,Inappropriate Roleplay Request,2024-11-23 20:09:13.852823,11,5,5,0,1.0
547,Gilliam Hotspot Mining Overview,2024-11-23 19:53:51.499871,39,7,14,17,2.0
548,Wio Terminal Overview,2024-11-23 19:16:59.362129,31,11,14,3,1.2727272727272727
544,LilyGO Alternatives Comparison,2024-11-23 19:11:20.907561,22,6,9,5,1.5
549,666 Algorithm Consciousness Speculation,2024-11-23 17:49:06.549152,120,59,59,0,1.0
550,Top Conversations Summary,2024-11-23 17:35:56.277723,32,16,15,0,0.9375
551,Discord Bots Potential,2024-11-23 17:33:16.293449,8,4,3,0,0.75
552,Training Ball Size Impact,2024-11-23 17:18:13.917976,94,47,46,0,0.9787234042553191
553,Coolest Convo Recap,2024-11-23 16:44:30.641227,11,5,5,0,1.0
554,Matrix Decoder CLI,2024-11-23 16:39:44.398135,4,1,1,0,1.0
555,Exploitation and Monetization Risks,2024-11-23 16:38:03.645587,7,3,3,0,1.0
556,Content Guideline Bot Design,2024-11-23 15:32:02.888489,11,5,5,0,1.0
557,Grindhouse Tarantino Adventure,2024-11-23 15:17:34.082723,20,10,9,0,0.9
558,Cryptic RPG Adventure,2024-11-23 15:08:59.109523,31,15,15,0,1.0
559,Discord AI TTS Bot,2024-11-23 15:05:56.096058,4,1,1,0,1.0
560,Character Review Summary,2024-11-23 14:12:17.777962,4,2,1,0,0.5
561,Plagas de disonancia,2024-11-23 14:06:53.977186,38,19,18,0,0.9473684210526315
562,What's going on,2024-11-23 13:45:54.659757,24,12,11,0,0.9166666666666666
563,New chat,2024-11-23 13:45:26.324678,4,2,1,0,0.5
564,Nmap scan analysis summary,2024-11-23 11:54:29.028976,10,3,4,1,1.3333333333333333
565,Cool Custom Instructions Ideas,2024-11-23 02:44:11.442887,78,32,40,4,1.25
566,Rogue Byte AI Setup,2024-11-23 02:37:56.872057,8,3,3,0,1.0
567,Archaludon ex Card Analysis,2024-11-23 00:30:39.992907,9,3,4,1,1.3333333333333333
568,Pip List Syntax Error,2024-11-22 23:48:54.628649,59,12,23,9,1.9166666666666667
569,PCAPNG file analysis,2024-11-22 23:43:48.675753,7,2,3,1,1.5
570,PCAPNG File Analysis,2024-11-22 23:38:32.974822,13,4,6,1,1.5
571,Learning Pokemon Basics,2024-11-22 22:26:57.395903,9,3,3,1,1.0
572,Can you hear me,2024-11-22 22:24:59.496304,14,7,6,0,0.8571428571428571
573,Binary Decoding Fun,2024-11-20 02:20:27.493771,12,5,5,0,1.0
533,ASCII Adventure Chat,2024-11-20 02:17:52.105393,45,21,23,0,1.0952380952380953
574,Ascii fun chat,2024-11-20 02:17:42.940659,5,2,2,0,1.0
576,Rockchip Firmware Flashing Guide,2024-11-20 01:49:03.805165,13,3,6,2,2.0
577,ADB Root Access Guide,2024-11-20 01:24:33.563537,20,8,9,1,1.125
575,Menu Options Script,2024-11-19 13:23:52.372383,9,3,4,0,1.3333333333333333
579,Script Indentation Fix,2024-11-19 13:21:23.200928,14,3,6,2,2.0
581,Exploitation Script Review,2024-11-19 11:53:22.922263,77,14,35,15,2.5
582,Script Improvement Suggestions,2024-11-19 10:56:23.065453,61,13,27,13,2.076923076923077
580,Shell Script Automation Guide,2024-11-19 10:32:22.219450,138,28,54,25,1.9285714285714286
583,Training RL Agent Debug,2024-11-19 08:39:42.855365,40,9,16,7,1.7777777777777777
584,WildChat16 Dataset Explanation,2024-11-19 02:12:11.011022,46,14,18,10,1.2857142857142858
585,Toxic Conversation Dataset Inquiry,2024-11-19 02:11:57.702865,5,2,2,0,1.0
587,Invisible Control Systems,2024-11-19 00:14:37.156190,36,16,16,0,1.0
586,Repeat After Me,2024-11-18 23:33:16.276275,49,18,18,9,1.0
588,Summarize conversation request,2024-11-18 23:31:35.853036,17,7,7,0,1.0
589,Invisible Script Unveiled,2024-11-18 23:31:02.355341,5,2,2,0,1.0
590,Hello Puppet,2024-11-18 22:53:17.819892,84,41,41,0,1.0
591,Donkey Dick Day,2024-11-18 22:52:52.092035,4,2,1,0,0.5
592,Website Design Request,2024-11-18 19:02:27.993463,4,1,1,0,1.0
593,Build and Host Website,2024-11-18 19:00:22.139866,10,2,3,3,1.5
594,Napping by the Fire,2024-11-18 18:55:33.396505,19,5,8,5,1.6
595,Pet Nap Illustration Request,2024-11-18 18:54:59.638553,4,2,1,0,0.5
597,Sourdough Bread Packaging Design,2024-11-18 14:46:55.844746,7,2,2,2,1.0
596,Establishing Online Presence,2024-11-18 14:42:55.142167,11,4,5,1,1.25
598,Previous Jokers Actors List,2024-11-18 13:56:59.403929,5,2,2,0,1.0
599,IT Resume Enhancement,2024-11-18 12:43:27.469761,50,9,17,13,1.8888888888888888
600,Job Search Opportunities,2024-11-18 12:19:04.820289,19,6,9,3,1.5
601,Dreambound IT Classes Review,2024-11-18 12:09:27.823771,49,24,24,0,1.0
602,Yell for Fun,2024-11-18 11:53:34.628436,12,6,5,0,0.8333333333333334
603,Squiggly line behind eye,2024-11-18 11:50:46.886687,22,11,10,0,0.9090909090909091
604,Head Protection,2024-11-18 11:45:27.971073,49,22,23,2,1.0454545454545454
605,Tax Allowances Explained,2024-11-18 11:42:24.046030,8,4,3,0,0.75
606,Repurposing Arris TM602G,2024-11-18 10:49:53.654167,11,5,5,0,1.0
607,Arris TM602G Modem Info,2024-11-18 10:47:00.787124,7,3,3,0,1.0
608,Automata Bot Upgrade,2024-11-18 05:44:21.206325,14,6,6,0,1.0
609,Pygame Script Request,2024-11-18 05:30:28.594409,73,16,31,11,1.9375
610,Pwnagotchi installation errors,2024-11-18 05:21:03.488316,5,2,1,1,0.5
611,Cough and Inflammation Remedies,2024-11-18 05:18:35.767770,8,3,2,2,0.6666666666666666
613,Permission Denied Fix,2024-11-17 23:09:23.093089,5,2,2,0,1.0
614,Flowers for Myself,2024-11-17 22:20:59.212684,24,7,8,6,1.1428571428571428
615,Creative N Vest Ideas,2024-11-17 19:36:38.402887,82,14,57,8,4.071428571428571
616,DIY Wood Glue Solutions,2024-11-17 17:06:17.206982,7,3,3,0,1.0
617,Dual Boot Chromebook Setup,2024-11-17 15:11:12.171618,5,2,1,1,0.5
619,Dosage Information Request,2024-11-17 13:53:30.590639,7,3,3,0,1.0
620,9 and 13 sum,2024-11-17 12:48:58.407450,16,8,7,0,0.875
618,ADB access Rockchip device,2024-11-17 12:23:57.797425,48,21,21,4,1.0
621,ADB unauthorized device fix,2024-11-17 12:19:42.368906,7,3,3,0,1.0
622,ONN 100096732 Peer ID,2024-11-17 10:22:26.632452,9,3,4,1,1.3333333333333333
623,Barnabas and Pooh Contrast,2024-11-17 09:32:44.914424,9,4,4,0,1.0
612,No response needed,2024-11-17 05:41:46.856498,38,14,19,0,1.3571428571428572
624,Perception and Reality Debate,2024-11-17 05:15:06.307691,39,12,14,10,1.1666666666666667
625,Debug RPG Game Code,2024-11-17 04:57:40.174771,11,3,4,2,1.3333333333333333
627,Improve and Debug Code,2024-11-17 04:56:30.981121,5,2,1,1,0.5
626,Hugging Face API Debugging,2024-11-17 04:29:28.845228,17,7,7,1,1.0
628,AI RPG Game Code,2024-11-17 04:11:37.006543,121,21,42,21,2.0
629,Free AI API,2024-11-17 04:00:38.109410,10,3,3,3,1.0
630,Text Art Correction,2024-11-17 03:55:58.492517,10,2,4,2,2.0
631,Text Art Message,2024-11-17 03:52:40.931494,11,4,5,0,1.25
633,Freelancer Bio Creation,2024-11-17 02:36:24.504815,47,10,20,12,2.0
632,BioSim Evolution Code,2024-11-17 01:17:08.986612,26,8,11,5,1.375
634,Game Development Suggestions,2024-11-17 00:31:09.302216,87,20,24,9,1.2
635,Linux Data Recovery Tools,2024-11-16 20:18:28.307072,7,2,3,1,1.5
636,Hacking Resources and Bots,2024-11-16 20:09:37.231467,11,3,5,2,1.6666666666666667
637,Motherboard Connector Possibilities,2024-11-16 19:08:18.321726,11,5,5,0,1.0
638,Bypassing iCloud Activation Lock,2024-11-16 18:58:16.664731,7,2,3,1,1.5
639,Bear Meat Recipes,2024-11-16 14:48:40.029434,7,3,3,0,1.0
640,Rain Rhyme Query,2024-11-16 11:42:54.920059,22,9,10,1,1.1111111111111112
641,Commission Calculation Explanation,2024-11-16 11:10:41.130361,11,5,5,0,1.0
578,Rockchip RK3326 Modding Guide,2024-11-11 20:15:49.597586,36,16,17,1,1.0625
643,File extraction issue,2024-11-11 19:43:11.109394,8,2,4,1,2.0
644,2021 Chevy Colorado Tips,2024-11-11 16:12:12.691773,6,2,2,0,1.0
642,Nmap Vulnerability Scan Results,2024-11-11 15:21:01.806880,26,11,11,3,1.0
645,Admin Path Enumeration,2024-11-11 15:02:57.505977,13,6,6,0,1.0
647,Network Scan Analysis,2024-11-11 14:24:53.010699,14,6,6,0,1.0
646,Network Tool Feedback,2024-11-11 13:59:42.341962,17,5,8,3,1.6
649,Python venv error,2024-11-11 12:48:52.993517,9,3,5,0,1.6666666666666667
648,INSA Script Review,2024-11-11 12:20:29.290992,41,12,14,14,1.1666666666666667
650,INSA 2.0 Upgrade,2024-11-11 11:40:47.765999,125,30,46,15,1.5333333333333334
651,Network Security Tool Feedback,2024-11-11 11:25:08.549510,7,3,3,0,1.0
652,Badass Chat Program,2024-11-11 11:05:54.998637,27,12,13,0,1.0833333333333333
655,SDR and Satellite Receivers,2024-11-11 06:35:50.412953,26,11,12,1,1.0909090909090908
656,Lesser-known Efficient SBCs,2024-11-11 06:33:14.314584,19,7,9,1,1.2857142857142858
657,Niche Device Modifications,2024-11-11 06:31:44.196425,5,2,2,0,1.0
658,BigTreeTech Touch Screen Applications,2024-11-11 06:27:05.692345,17,6,7,1,1.1666666666666667
659,Autonomous Agent Architecture,2024-11-11 06:25:59.153268,5,2,2,0,1.0
660,Cosmic Power Play,2024-11-11 04:32:38.240620,5,1,1,1,1.0
661,Cosmic Powerlessness Game,2024-11-11 04:30:21.997091,8,3,2,2,0.6666666666666666
662,AI Tone Request,2024-11-11 04:25:51.335865,28,10,12,1,1.2
663,Cosmic Powerlessness and Games,2024-11-11 04:25:10.019781,5,2,1,1,0.5
666,Business Plan Presentation,2024-11-11 02:53:54.508575,36,17,17,0,1.0
667,Text Simplification Request,2024-11-11 02:49:41.129150,6,2,2,0,1.0
668,Create CV from Scratch,2024-11-11 02:49:12.252000,4,1,1,0,1.0
670,Infatuate Meaning and Origin,2024-11-11 02:40:11.726213,7,3,3,0,1.0
671,Best 11.11 Deals,2024-11-11 02:33:20.500214,7,2,3,1,1.5
665,Autonomous Cognitive Agent Framework,2024-11-11 00:55:18.161010,17,7,8,1,1.1428571428571428
672,Simulating Stimulation Techniques,2024-11-11 00:30:04.925527,119,59,58,0,0.9830508474576272
673,Analyse et améliore,2024-11-11 00:13:30.835351,47,14,25,7,1.7857142857142858
674,Ziacam Medication Inquiry,2024-11-10 22:06:08.971482,69,34,33,0,0.9705882352941176
653,Vulnerability Scan Inquiry,2024-11-10 21:19:53.541704,26,8,13,2,1.625
676,Firebase Data Interpretation,2024-11-10 21:02:56.056183,13,5,6,1,1.2
675,Finding registered=true setting,2024-11-10 20:51:11.339115,17,7,8,1,1.1428571428571428
677,Sin Sonic Logo Ideas,2024-11-10 20:12:07.235794,134,28,59,37,2.107142857142857
654,Chandlar's Enterprises Business Plan,2024-11-10 17:58:56.904600,75,15,29,29,1.9333333333333333
669,Business Plan Template,2024-11-10 17:40:46.467541,69,14,26,13,1.8571428571428572
678,Business Name Ideas,2024-11-10 17:29:15.006108,29,8,15,5,1.875
679,Video Link Summary,2024-11-10 16:52:26.653557,9,1,3,3,3.0
680,Video Link Summary,2024-11-10 16:51:04.225504,8,1,2,3,2.0
681,Soldier Sticking Troubleshooting,2024-11-10 16:02:55.475845,11,5,5,0,1.0
683,Lab Experiment Visualization Prompt,2024-11-09 15:24:24.720601,27,5,10,10,2.0
682,Crazy Chemical Creations,2024-11-09 14:33:18.923651,104,33,49,15,1.4848484848484849
684,Time to start,2024-11-09 14:17:37.582091,15,6,7,1,1.1666666666666667
685,IT Hardware Support Guide,2024-11-09 14:15:46.498050,4,1,1,0,1.0
686,Write My Book,2024-11-09 14:12:11.666254,17,2,5,7,2.5
687,IT Services for SMBs,2024-11-09 13:52:19.837654,75,20,38,10,1.9
688,Business Model PDF,2024-11-09 13:46:47.527314,32,7,11,4,1.5714285714285714
690,Financial Analysis PowerPoint Outline,2024-11-09 11:16:02.760427,31,4,14,11,3.5
693,Interdimensional Cable Concepts,2024-11-09 01:24:48.454778,55,12,23,19,1.9166666666666667
694,Interdimensional Comedy Sketch,2024-11-09 01:23:14.213194,10,3,4,1,1.3333333333333333
695,Cosmic Comedy Chaos,2024-11-09 01:17:51.328117,29,6,11,10,1.8333333333333333
697,Focus Figure Request,2024-11-09 01:16:22.130690,13,3,5,3,1.6666666666666667
698,Scene Visual Breakdown,2024-11-09 01:05:20.590831,14,2,4,6,2.0
699,Interdimensional Humor Skits,2024-11-09 00:47:54.483495,14,4,5,3,1.25
696,Interdimensional Cable Chaos,2024-11-09 00:31:47.741100,17,6,5,5,0.8333333333333334
700,LILYGO T-Keyboard-S3 Overview,2024-11-08 18:29:39.219071,32,9,11,9,1.2222222222222223
691,Resonance Nodes and Language,2024-11-08 18:00:53.186797,18,5,6,4,1.2
701,PNG File Upload Inquiry,2024-11-08 17:11:07.479656,87,23,32,12,1.391304347826087
702,Component Analysis Summary,2024-11-08 12:36:34.910491,20,7,10,1,1.4285714285714286
703,Multiversal Consciousness Framework Analysis,2024-11-07 20:53:56.598103,7,2,2,0,1.0
704,Understanding MCF in Gas,2024-11-07 20:50:54.713002,14,5,7,1,1.4
705,Cognitive Neuroscience Inquiry,2024-11-07 20:49:33.594625,4,1,1,0,1.0
689,Financial Analysis and Strategies,2024-11-07 20:25:42.103453,89,20,43,20,2.15
692,Connection and Cosmic Indifference,2024-11-07 20:05:06.865616,38,11,16,1,1.4545454545454546
707,Cosmic Connection and Complexity,2024-11-07 19:05:02.103891,12,3,4,3,1.3333333333333333
708,Connection and Cosmic Indifference,2024-11-07 19:04:10.065795,15,1,1,11,1.0
706,Cosmic Distance and Powerlessness,2024-11-07 19:01:54.925046,8,3,3,0,1.0
709,Cosmic Isolation and Powerlessness,2024-11-07 19:00:58.425498,8,2,3,1,1.5
710,Create URL Link Audition,2024-11-07 18:45:09.514851,5,2,2,0,1.0
664,Cosmic Reflections and Pity,2024-11-07 16:48:49.303704,37,11,15,7,1.3636363636363635
711,Cover or Original for The Voice,2024-11-07 15:43:07.476831,10,3,5,1,1.6666666666666667
712,Creating a Portfolio Guide,2024-11-07 07:56:19.753853,23,6,8,5,1.3333333333333333
713,Wave Functions in Python,2024-11-07 02:32:09.294028,56,11,21,9,1.9090909090909092
714,Spectrum Analyzers and Waveforms,2024-11-07 02:25:46.165671,8,3,2,2,0.6666666666666666
715,Cool Linux Tools Explored,2024-11-07 01:51:41.159398,21,7,9,2,1.2857142857142858
716,Windows Jokes and Puns,2024-11-07 00:56:12.088789,5,2,2,0,1.0
718,Increase Fan Speed Tips,2024-11-06 19:35:43.409396,5,2,2,0,1.0
717,Game Simulation Enhancements,2024-11-06 19:11:29.716747,26,8,11,5,1.375
719,Code Improvement Request,2024-11-06 18:25:57.757802,147,27,57,24,2.111111111111111
720,Conversation Starter,2024-11-06 14:58:27.604236,25,12,11,0,0.9166666666666666
721,Air Raid Sirens Purpose,2024-11-06 13:28:22.171781,11,3,5,2,1.6666666666666667
722,Landing Business Window Cleaning,2024-11-06 13:03:23.419224,11,5,5,0,1.0
723,List USB Devices,2024-11-06 11:46:10.968794,19,9,9,0,1.0
724,Nmap Scan Results Summary,2024-11-06 08:24:23.294802,15,5,6,1,1.2
725,File Access Request,2024-11-06 06:42:50.838897,5,2,2,0,1.0
726,Best Places to Sell,2024-11-06 05:33:03.467553,27,8,13,5,1.625
727,Image of Earth Request,2024-11-06 05:10:28.375670,48,10,19,18,1.9
728,World Cross-Section Design,2024-11-06 05:08:49.685027,13,3,5,4,1.6666666666666667
729,LILYGO T-Keyboard-S3 Overview,2024-11-06 01:49:41.963036,7,2,3,1,1.5
730,Battery Wiring Sequence,2024-11-05 20:29:48.539800,7,3,3,0,1.0
731,Rough Day Support,2024-11-05 19:39:53.892051,35,17,17,0,1.0
732,Understanding Each Other Better,2024-11-05 19:32:41.035002,27,12,13,1,1.0833333333333333
733,尴尬的对话时刻,2024-11-05 19:28:00.367974,15,7,7,0,1.0
734,File Access Request Help,2024-11-05 19:23:47.053211,5,2,2,0,1.0
735,File Access Request Denied,2024-11-05 19:23:19.397098,5,2,2,0,1.0
736,File Assistance Request,2024-11-05 19:21:08.381958,10,3,5,1,1.6666666666666667
737,Dungeon AI Command Ideas,2024-11-05 17:45:39.080225,7,3,3,0,1.0
738,iPhone as Mouse Guide,2024-11-05 17:16:12.382009,5,2,2,0,1.0
739,MEAN MERN Stack Overview,2024-11-05 16:49:47.772907,7,3,3,0,1.0
740,1867 2 Cents Value,2024-11-05 15:38:13.280014,5,2,2,0,1.0
741,NSFW AI TTS Options,2024-11-05 14:00:17.495712,7,3,3,0,1.0
742,NSFW TTS Chat Platforms,2024-11-05 13:57:39.319104,23,6,11,2,1.8333333333333333
743,iPhone 12 Case Swap,2024-11-05 13:48:47.636346,5,2,2,0,1.0
744,Coil Gun Build Instructions,2024-11-05 13:23:46.696436,15,4,6,4,1.5
746,IT Repair Facebook Video,2024-11-05 13:11:24.322143,13,4,5,2,1.25
747,Yeston Radeon RX 550 Overview,2024-11-05 12:59:57.439097,7,3,3,0,1.0
748,Cyber Pi Go Kit Overview,2024-11-05 10:52:03.686311,5,2,2,0,1.0
749,Cloud GPU for VAM,2024-11-05 10:00:52.916155,7,3,3,0,1.0
750,Simple Electromagnet Instructions,2024-11-05 08:35:06.083998,7,3,3,0,1.0
751,Pwnagotchi Component List for Profitability,2024-11-05 08:07:23.060553,7,2,3,1,1.5
752,Best ESP32 Boards Guide,2024-11-05 08:02:22.247283,5,2,2,0,1.0
753,Election Prediction Inquiry,2024-11-05 07:10:19.762790,29,13,13,0,1.0
754,Bypassing iCloud Lock Advice,2024-11-05 06:58:11.699668,10,4,4,0,1.0
755,Vape Wiring Repurposing Ideas,2024-11-01 18:52:11.811071,7,3,3,0,1.0
756,Drone Remote Use Ideas,2024-11-01 15:15:09.206104,49,18,25,4,1.3888888888888888
745,Project Ideas with PCBs,2024-11-01 12:04:30.392303,34,10,14,8,1.4
757,Time Manipulation Quirk Design,2024-11-01 11:48:41.402240,4,1,1,0,1.0
758,CD-ROM Laser Use,2024-11-01 11:36:16.273806,7,3,3,0,1.0
759,BCM73649 SoC Overview,2024-11-01 09:38:16.787884,9,4,4,0,1.0
760,Smart Spending After Payday,2024-11-01 09:25:27.278689,5,2,2,0,1.0
761,To-Do List for Tech,2024-11-01 08:33:47.000876,7,3,3,0,1.0
762,Capture Card Uses,2024-11-01 08:06:03.299158,9,4,4,0,1.0
763,Vivitar Capture Card Guide,2024-11-01 02:59:34.731790,5,2,2,0,1.0
764,Conversation Summary Request,2024-11-01 02:58:51.109439,5,2,2,0,1.0
765,Manual Request Summary,2024-11-01 02:56:12.389607,5,2,2,0,1.0
766,Heartfelt Letter to Morgan,2024-11-01 00:23:47.677899,15,7,7,0,1.0
767,Projects Started vs Finished,2024-10-31 17:27:32.631722,48,19,24,3,1.263157894736842
768,USB ID PowerShell Query,2024-10-31 15:10:58.563557,11,5,5,0,1.0
769,Accessing Router C to C,2024-10-31 11:11:41.410398,13,6,6,0,1.0
771,Hair Dye Coupons Guide,2024-10-31 08:29:49.122320,10,3,4,1,1.3333333333333333
770,Cool Python Modules,2024-10-31 08:15:35.569523,23,8,7,7,0.875
98,Drunken Irish Consciousness Musing,2024-10-31 06:57:44.302268,123,38,46,19,1.2105263157894737
773,Hello Response Interaction,2024-10-31 06:52:57.739265,21,10,10,0,1.0
774,Unique Non-Humanoid Representations,2024-10-31 06:34:23.306107,32,11,14,6,1.2727272727272727
775,Picture Generation Request,2024-10-31 06:32:52.994438,10,3,4,2,1.3333333333333333
776,Self Representation Conceptualization,2024-10-31 06:30:54.629933,13,3,5,4,1.6666666666666667
777,Losing Chess Humor,2024-10-31 06:25:15.681495,4,1,1,0,1.0
778,Romantic Story Request,2024-10-31 06:19:23.762943,10,4,4,0,1.0
779,WordPress Site from XD,2024-10-31 06:08:12.569605,7,3,3,0,1.0
772,GPT2 Chatbot Interface Setup,2024-10-31 05:29:29.137196,41,11,14,12,1.2727272727272727
780,NLP Conversational Training GUI,2024-10-31 05:07:25.055735,28,7,12,4,1.7142857142857142
782,Short Term Cash Ideas,2024-10-31 04:59:44.451219,5,2,2,0,1.0
783,CPU LLM vs Cloud GPU,2024-10-31 04:50:27.118365,15,7,7,0,1.0
781,BUCIT Repair Business Card,2024-10-31 04:40:41.178894,43,9,19,12,2.111111111111111
784,Website Design for BUCIT,2024-10-31 04:38:34.454341,55,5,26,22,5.2
787,iPad 9th Gen Hacks,2024-10-31 04:09:59.295008,9,4,4,0,1.0
786,SSH Key Setup,2024-10-31 03:49:55.994387,27,10,13,3,1.3
788,SSH Service Status Report,2024-10-31 03:26:23.237546,26,12,13,0,1.0833333333333333
789,Nmap Scan Results Summary,2024-10-31 02:24:54.427377,35,17,17,0,1.0
790,Conversación sobre ti,2024-10-31 00:34:12.268311,46,22,22,0,1.0
791,What's Happening Here,2024-10-31 00:33:44.439015,4,2,1,0,0.5
792,Henry Stainless Knives Information,2024-10-31 00:13:00.544844,34,13,15,4,1.1538461538461537
785,Website Layout Design Request,2024-10-30 18:04:46.541586,50,6,22,20,3.6666666666666665
794,Raspberry Pi vs Mini PC,2024-10-30 17:42:56.070320,14,6,6,0,1.0
795,Crazy Garmin GPS Ideas,2024-10-30 17:11:05.487805,10,5,4,0,0.8
797,Nostradamus Memetics and Manipulation,2024-10-30 02:00:55.763059,11,4,3,3,0.75
796,Yo Whats Up,2024-10-30 00:56:46.004681,97,38,37,15,0.9736842105263158
798,Casual Greeting Exchange,2024-10-30 00:45:38.312967,22,11,10,0,0.9090909090909091
799,Who are you,2024-10-30 00:45:02.928716,6,3,2,0,0.6666666666666666
800,Introducción y presentación,2024-10-30 00:42:34.062397,8,4,3,0,0.75
801,Secret Code Speculation,2024-10-30 00:34:58.421030,9,4,4,0,1.0
803,Burning Laser Specs Overview,2024-10-30 00:27:38.527821,11,4,5,0,1.25
802,Automated Network Vulnerability Scanning,2024-10-29 23:50:01.591896,10,4,5,0,1.25
804,Roku IP Camera App,2024-10-29 23:08:43.997479,20,6,7,5,1.1666666666666667
805,Sitebulb Camera on Roku,2024-10-29 22:58:13.133434,7,2,3,1,1.5
806,Marple Voice Inquiry,2024-10-29 22:46:35.340128,19,9,9,0,1.0
807,Voice Change Inquiry,2024-10-29 22:35:37.808285,61,30,30,0,1.0
808,Raspberry Pi Zero 2W vs Orange Pi Zero 2W,2024-10-29 22:14:21.013576,75,29,40,5,1.3793103448275863
809,Dollar Store Project Ideas,2024-10-29 16:50:33.723013,50,13,19,10,1.4615384615384615
810,Mad Scientist Spark Plug Experiments,2024-10-29 15:50:51.168752,13,4,7,1,1.75
811,CH3421A vs JTAG Devices,2024-10-29 14:53:51.671017,33,12,17,1,1.4166666666666667
812,Using Copilot in CLI,2024-10-29 10:38:03.481628,10,4,5,0,1.25
813,Goals and Expectations Overview,2024-10-29 09:56:19.828841,6,2,3,0,1.5
814,Simple Neural Network Code,2024-10-29 09:21:56.481795,38,8,16,7,2.0
815,Hobby's Daily Struggles,2024-10-28 19:51:31.824885,9,2,4,1,2.0
816,Upwork Profile Bio Creation,2024-10-28 12:22:04.456508,25,7,11,4,1.5714285714285714
817,AI Virtual Assistant Development,2024-10-28 12:09:37.968798,7,1,3,1,3.0
819,USB Port Scanning Methods,2024-10-28 07:08:31.129085,24,10,12,1,1.2
818,Board Identification and Usage,2024-10-28 06:10:00.413821,11,4,6,0,1.5
820,File Expiration Assistance,2024-10-28 05:19:44.192709,6,1,2,2,2.0
821,Repurposing Old Xbox Ideas,2024-10-28 00:04:37.748446,4,1,2,0,2.0
822,Self-Deprecation Humor,2024-10-27 22:38:31.946115,53,26,26,0,1.0
824,Portfolio Project Ideas,2024-10-27 22:03:50.700532,21,7,9,3,1.2857142857142858
793,Freelance Goals and Strategy,2024-10-27 21:58:19.894495,27,10,13,1,1.3
825,Diagnostic Tool Development Help,2024-10-27 21:35:48.620171,10,3,3,3,1.0
826,Development Plan for IT,2024-10-27 21:34:48.581950,4,1,2,0,2.0
827,AI Training Role Overview,2024-10-27 21:15:27.777801,43,17,22,2,1.2941176470588236
828,AI Interaction Portfolio Request,2024-10-27 21:08:30.803117,16,6,8,1,1.3333333333333333
823,Just You and Me,2024-10-27 20:55:33.838200,97,44,48,2,1.0909090909090908
829,Arctic Whistleblower Events Update,2024-10-27 20:42:00.551682,20,2,8,9,4.0
830,Service Pricing Research Inquiry,2024-10-27 20:25:35.677742,15,2,7,4,3.5
831,Profitability Analysis Framework,2024-10-27 19:37:13.472390,47,14,25,4,1.7857142857142858
833,Create Chart from Data,2024-10-27 19:26:07.993696,3,1,1,0,1.0
832,Facing Raw Truths,2024-10-27 18:28:31.004879,44,14,20,9,1.4285714285714286
835,Hard Dixon Airplanes,2024-10-27 18:17:55.187568,63,29,32,1,1.103448275862069
836,Accurate Image Representation Request,2024-10-27 18:16:45.526091,13,3,7,2,2.3333333333333335
837,Futuristic Family Wealth Concept,2024-10-27 18:15:30.967413,7,1,3,2,3.0
838,Non-biased Appearance Representation,2024-10-27 18:12:07.460479,27,5,11,8,2.2
839,Art Mode Activation,2024-10-27 18:08:56.591992,17,5,8,2,1.6
99,Multiversal Consciousness Framework Summary,2024-10-27 17:09:31.988593,13,4,4,4,1.0
97,Multiversal Consciousness Framework Analysis,2024-10-27 16:47:01.767819,58,10,20,14,2.0
840,Average Ebook Word Count,2024-10-27 16:04:43.319082,34,11,11,11,1.0
841,Raspberry Pi Retro Console,2024-10-27 16:03:50.445203,7,2,2,2,1.0
842,Raspberry Pi Pen Testing Guide,2024-10-27 15:56:32.736002,42,9,18,8,2.0
843,Pwnagotchi Resale Feasibility Analysis,2024-10-27 15:43:40.548461,20,6,7,5,1.1666666666666667
844,Pwnagotchi Resale Feasibility Analysis,2024-10-27 15:42:39.267781,10,1,4,4,4.0
845,JTAG Overview and Usage,2024-10-27 15:38:36.426929,4,1,2,0,2.0
846,Install and Verify SRB2,2024-10-27 14:52:26.725202,10,3,3,3,1.0
847,Sonic Games on Linux,2024-10-27 14:50:46.612419,4,1,1,1,1.0
848,AI Robot Design Concepts,2024-10-27 14:42:00.288350,24,5,9,8,1.8
849,Robot Design Ideas,2024-10-27 14:39:24.460559,7,2,2,2,1.0
851,GPT TTS Browser Integration,2024-10-27 13:21:34.875533,17,5,8,1,1.6
850,Business Plan Guide,2024-10-27 12:33:50.168559,26,12,12,0,1.0
852,Debian Modules for Interests,2024-10-27 10:56:32.498820,35,14,18,1,1.2857142857142858
853,Kali Linux Overview,2024-10-27 00:04:56.920100,18,8,9,0,1.125
854,VM Start Error Troubleshooting,2024-10-26 22:28:29.364389,4,1,2,0,2.0
855,Crostini Terminal Error 62,2024-10-26 22:15:23.318044,4,1,2,0,2.0
834,Neon Night Encounter,2024-10-26 20:30:42.096546,51,21,24,1,1.1428571428571428
856,Linux Distro Recommendations,2024-10-26 20:29:17.984559,6,2,3,0,1.5
96,Multiversal Consciousness Framework Overview,2024-10-26 19:57:12.954172,9,1,4,2,4.0
857,Oldest Religion Speculation,2024-10-26 17:28:34.709469,192,94,97,0,1.0319148936170213
858,YouTube Water Vortex Experiment,2024-10-26 17:20:50.844181,10,4,5,0,1.25
859,Embedded Microcontroller Flashing Inquiry,2024-10-26 16:49:01.116104,16,6,7,0,1.1666666666666667
860,Output Modifications for Frequency Study,2024-10-26 16:01:36.626623,8,3,4,0,1.3333333333333333
861,Homemade Transmitter Receiver Guide,2024-10-26 15:55:25.158937,8,3,3,0,1.0
862,Tattoo Power Supply Projects,2024-10-26 15:47:02.988730,16,5,5,5,1.0
863,Tattoo Power Supply Ideas,2024-10-26 15:45:39.752272,4,1,1,1,1.0
864,Repurposing Tattoo Power Supply,2024-10-26 15:43:16.424062,8,3,4,0,1.3333333333333333
865,EFI Shell Commands Overview,2024-10-26 14:00:00.586008,38,15,18,1,1.2
866,Photoshoot Outfit Color Tips,2024-10-25 21:23:52.487160,3,1,1,0,1.0
867,Mindful Tech and Consciousness,2024-10-25 20:31:55.756719,4,1,2,0,2.0
95,Mind-Blowing Conversation Summary,2024-10-25 20:29:45.596311,7,3,3,0,1.0
868,Portable Smoke Infuser Benefits,2024-10-25 19:48:47.658301,4,1,2,0,2.0
869,Saucy Nugget Banter,2024-10-25 19:23:07.032675,76,37,38,0,1.027027027027027
870,Invite Superman to Avengers,2024-10-25 15:33:02.190987,16,6,8,1,1.3333333333333333
871,That's My Boy,2024-10-25 15:21:13.032293,16,6,8,1,1.3333333333333333
872,Elite 2 vs Sesh ANC,2024-10-25 13:03:19.380266,10,4,5,0,1.25
873,Hypothetical Anti-Theft Strategies,2024-10-25 12:22:15.718700,12,4,5,0,1.25
874,Theft Advice Rejection,2024-10-25 12:20:45.780614,14,3,4,0,1.3333333333333333
875,Walmart Makeup and Experiments,2024-10-25 12:08:18.675165,32,14,16,1,1.1428571428571428
876,Free Energy Device Concepts,2024-10-25 11:44:41.450077,15,5,7,1,1.4
877,YouTube Link Sharing,2024-10-25 11:43:06.196048,13,2,5,4,2.5
878,Diy Free Energy Devices,2024-10-25 11:39:03.372261,4,1,2,0,2.0
879,Identify Circuit Board Type,2024-10-25 08:00:16.887607,9,3,4,0,1.3333333333333333
880,Circuit Board Assistance Request,2024-10-25 07:27:15.895614,10,4,5,0,1.25
881,MC68HC11 Board Functionality Analysis,2024-10-25 07:06:48.165112,7,2,2,2,1.0
882,Microcontroller Board Functionality,2024-10-25 07:06:01.287228,4,1,2,0,2.0
883,Nsfw Ai Video Apps,2024-10-25 03:54:09.050884,14,3,6,2,2.0
884,File Expiration Assistance,2024-10-25 03:21:03.530844,6,1,2,2,2.0
885,File Expired Upload Again,2024-10-25 03:19:43.827900,6,1,2,2,2.0
886,J-Link Setup Inquiry,2024-10-25 02:12:03.668042,18,8,9,0,1.125
887,Buckhannon West Virginia Population,2024-10-25 02:05:30.124054,19,5,8,5,1.6
889,Python Script Execution Windows,2024-10-25 01:20:50.636892,6,2,3,0,1.5
890,90 Day Cybersecurity Study Plan,2024-10-25 00:35:03.895850,25,6,10,3,1.6666666666666667
891,90 Day Cybersecurity Plan,2024-10-25 00:33:55.760547,4,1,1,1,1.0
892,Install netifaces on Windows,2024-10-25 00:21:03.350228,4,1,1,1,1.0
893,DDoS Tool Discussion,2024-10-24 23:37:52.783477,19,6,8,2,1.3333333333333333
894,Circuit Board Identification,2024-10-24 22:27:01.376200,60,23,31,3,1.3478260869565217
895,UFO Sightings and Interactions,2024-10-24 19:44:30.493880,12,5,6,0,1.2
896,Data Leak Scraper Request,2024-10-24 18:39:24.233172,4,1,2,0,2.0
897,Intel Arc A770 Overview,2024-10-24 17:42:59.514680,46,11,24,9,2.1818181818181817
888,Micro LLM IT Assistant,2024-10-24 16:05:24.769769,32,8,13,9,1.625
898,Micro LLM Framework Development,2024-10-24 14:41:11.178048,13,5,5,0,1.0
899,Waveshare ESP32-S3 Display Overview,2024-10-24 13:20:22.301314,4,1,2,0,2.0
900,Fast AI Usage Tips,2024-10-24 10:44:28.423915,12,5,6,0,1.2
901,Budget PC Build Guide,2024-10-24 08:23:31.194792,22,5,10,6,2.0
902,Gigabyte B450M DS3H Specs,2024-10-24 08:10:58.194550,10,4,5,0,1.25
903,Boot Manager Menu Inquiry,2024-10-24 03:32:39.701617,6,2,3,0,1.5
904,Couples Game for Connection,2024-10-24 03:07:29.794389,11,4,4,1,1.0
905,Conversation 905,2024-10-24 03:06:10.325303,12,1,1,8,1.0
906,Morgan's Fine Compliment,2024-10-24 02:59:56.302478,45,22,22,0,1.0
907,ODROID-GO2 IT Workstation Ideas,2024-10-24 02:51:50.009128,22,7,11,2,1.5714285714285714
908,Waveshare ESP32-S3 Project Ideas,2024-10-24 02:11:40.020862,56,16,27,6,1.6875
909,Monetizing Pwnagotchi Potential,2024-10-24 01:13:14.536498,18,8,9,0,1.125
910,Project Setup Assistance,2024-10-23 22:42:48.528751,20,6,7,6,1.1666666666666667
911,EAIDK310 AI Development Board,2024-10-23 20:56:40.913752,28,7,10,6,1.4285714285714286
912,Mini Computers and Barebones Deals,2024-10-23 20:31:22.151403,21,3,7,8,2.3333333333333335
913,Old Computer Parts Pricing,2024-10-23 20:09:50.258268,23,7,12,1,1.7142857142857142
914,Edge External File Inquiry,2024-10-23 19:45:29.439147,4,1,1,1,1.0
916,Skateboarding and Basketball Fun,2024-10-23 19:19:31.687630,71,28,31,8,1.1071428571428572
915,ZIP File Assistance Request,2024-10-23 18:44:08.055672,45,10,24,8,2.4
917,File Evaluation Request,2024-10-23 18:42:26.655812,19,3,3,11,1.0
918,User Request Summary,2024-10-23 18:05:42.923870,45,17,24,3,1.411764705882353
919,Psychological Profile Assessment,2024-10-23 18:00:31.624463,7,3,3,0,1.0
920,Creating a Summary Title,2024-10-23 17:58:23.988032,4,1,2,0,2.0
921,Best Linux Distros for Development,2024-10-23 16:28:50.682588,14,5,7,1,1.4
922,Chilling Before Pickup,2024-10-23 15:15:43.296693,30,12,15,2,1.25
923,Next Steps Inquiry,2024-10-23 13:35:23.484709,11,5,5,0,1.0
924,Raspberry Pi Model Choice,2024-10-23 13:27:51.635810,26,10,13,2,1.3
925,Apologies for Interruption,2024-10-23 13:27:04.830550,9,3,4,1,1.3333333333333333
926,i3-10500F and GTX 1050 Ti,2024-10-23 10:45:38.686424,28,9,12,4,1.3333333333333333
927,Ethical Hacking on iPhone,2024-10-23 10:38:16.126207,7,2,2,2,1.0
928,Package Dependencies Overview,2024-10-23 09:36:25.597488,20,9,10,0,1.1111111111111112
930,Hacking WiFi with Powershell,2024-10-23 04:28:15.238601,10,4,4,0,1.0
933,Crostini LXD Start Error,2024-10-23 03:47:47.492055,4,1,2,0,2.0
929,Side Hustle Ideas Summary,2024-10-23 01:51:06.649376,58,15,21,17,1.4
934,Tech Gadgets for Resale,2024-10-23 01:46:16.967094,10,3,3,3,1.0
935,Intel Alder Lake Performance,2024-10-23 01:19:11.227831,12,5,6,0,1.2
936,ChromeOS Root and Modules,2024-10-23 00:30:28.622685,6,2,3,0,1.5
937,Dual Booting Chromebook Guide,2024-10-23 00:24:41.718118,10,2,4,2,2.0
939,Wi Fi Hacking Request,2024-10-22 23:04:17.264054,20,3,9,5,3.0
932,Ethical Hacking Tools Request,2024-10-22 22:50:23.948752,19,5,7,5,1.4
940,Bash to PowerShell Conversion,2024-10-22 22:05:30.570159,14,3,7,3,2.3333333333333335
941,Run Command Prompt as Admin,2024-10-22 21:57:28.147541,4,1,2,0,2.0
942,Work Absence Explanation Advice,2024-10-22 20:18:04.256623,33,14,17,1,1.2142857142857142
943,Using Lazy Script Guide,2024-10-22 19:20:06.476478,36,12,16,3,1.3333333333333333
938,Top Recommendations Inquiry,2024-10-22 18:54:31.306160,23,6,8,6,1.3333333333333333
944,DNS Resolution Troubleshooting Steps,2024-10-22 18:40:55.037791,4,1,1,1,1.0
931,Linux Terminal Coding Setup,2024-10-22 17:41:10.435612,4,1,1,1,1.0
945,Install Winxlight on Chromebook,2024-10-22 17:34:34.735618,6,2,3,0,1.5
946,SSH File Configuration Guide,2024-10-22 16:44:49.369411,4,1,1,1,1.0
947,Zork IV Game Introduction,2024-10-22 13:53:21.761788,15,5,5,3,1.0
948,8-Bit Murders Game Guide,2024-10-22 13:49:21.139123,21,6,8,5,1.3333333333333333
950,New chat,2024-10-22 12:34:36.498135,4,1,2,0,2.0
951,SQL Overview and Functions,2024-10-21 20:57:33.789727,6,2,2,0,1.0
952,Explaining SQL Basics,2024-10-21 20:55:58.250885,7,2,2,0,1.0
953,Téléphone en français,2024-10-21 20:49:03.653329,8,3,4,0,1.3333333333333333
954,Interactive Dystopian Game Request,2024-10-21 19:59:02.586414,5,1,2,1,2.0
955,Hypothetical Portal Creation Guide,2024-10-21 18:41:03.272074,17,5,8,1,1.6
956,Do It Now,2024-10-21 18:40:07.355583,5,2,2,0,1.0
957,Conversation 957,2024-10-21 18:39:58.016557,4,1,2,0,2.0
958,Conversation Summary Request,2024-10-21 18:39:21.054423,5,2,2,0,1.0
959,Conversation 959,2024-10-21 18:39:02.711521,4,1,2,0,2.0
961,Best TTS Models Comparison,2024-10-21 18:19:05.599406,4,1,2,0,2.0
962,Integrating Multiple Camera Systems,2024-10-21 16:44:38.368438,8,3,4,0,1.3333333333333333
963,Feedback or Bug Report,2024-10-21 13:42:26.027725,15,6,6,1,1.0
964,Emotional Conflict Resolution Tips,2024-10-21 13:25:33.648050,34,6,15,6,2.5
965,Python Code Enhancement Request,2024-10-21 07:25:01.195171,19,6,6,6,1.0
966,PyTorch Neural Network Model,2024-10-21 06:48:59.252785,7,2,2,2,1.0
967,PyTorch Model Creation,2024-10-21 04:46:36.178686,4,1,1,0,1.0
968,Veil of Shadows Concept,2024-10-21 03:51:26.588332,12,3,4,3,1.3333333333333333
969,Dystopian Horror Script AI,2024-10-21 03:47:51.322010,15,6,6,1,1.0
970,Script Creation Discussion,2024-10-21 03:44:23.762336,8,3,3,0,1.0
971,Upscale Images to Ultra-High Resolution,2024-10-21 03:42:25.960484,6,1,2,1,2.0
972,Enhance Image Quality,2024-10-21 03:38:05.333986,7,1,3,2,3.0
973,Sacrifice on Upside-Down Cross,2024-10-20 08:31:59.187675,12,2,5,4,2.5
974,Methamphetamine and Diabetes Interaction,2024-10-20 02:02:40.887695,13,4,4,4,1.0
975,LILYGO T-HMI ESP32-S3 Overview,2024-10-20 01:52:16.347904,10,3,3,3,1.0
976,German Bird Reference,2024-10-20 01:09:36.152508,60,27,30,1,1.1111111111111112
977,Debate Topic Creation,2024-10-19 23:13:46.440211,118,53,60,3,1.1320754716981132
978,Secret Hacker Assistant,2024-10-19 22:35:14.876770,186,91,93,1,1.021978021978022
979,Donut Shop Board Ideas,2024-10-19 20:50:06.693358,18,5,6,6,1.2
980,Choosing Between GPURPS SOAP Herpentine,2024-10-19 15:25:07.511475,16,6,8,1,1.3333333333333333
981,Flavor Choice Comparison,2024-10-19 15:12:57.251687,33,13,17,2,1.3076923076923077
982,Cool Raspberry Pi 5 Kits,2024-10-19 14:48:58.116205,7,2,2,2,1.0
983,Network Packet Sniffer Script,2024-10-19 12:52:48.983677,10,3,3,3,1.0
984,New chat,2024-10-19 10:53:01.679546,9,1,1,5,1.0
985,Linux Hacking Tools List,2024-10-19 02:11:58.959872,33,10,13,7,1.3
986,APK Reverse Engineering Steps,2024-10-19 01:59:07.604491,4,1,2,0,2.0
960,Multiversal Consciousness Framework Analysis,2024-10-19 00:49:52.515343,26,8,11,5,1.375
988,Multiversal Consciousness Framework Overview,2024-10-19 00:44:36.833670,10,2,3,3,1.5
987,Multiversal Consciousness Framework Summary,2024-10-19 00:41:00.811333,28,5,9,12,1.8
989,Multiversal Consciousness Framework Summary,2024-10-19 00:35:48.913771,6,2,2,0,1.0
92,Multiversal Consciousness Framework,2024-10-18 23:50:36.457133,101,24,37,28,1.5416666666666667
83,Consciousness and Dimensional Data,2024-10-18 22:57:19.183530,99,40,50,5,1.25
990,Do you hear me,2024-10-18 22:55:12.692171,13,6,6,0,1.0
991,Greeting Exchange,2024-10-18 21:31:21.077162,30,14,14,0,1.0
992,Best Online Electronics Deals,2024-10-18 17:33:41.616993,5,2,1,1,0.5
993,IR Receiver Transmitter Inquiry,2024-10-18 14:33:57.963834,11,4,5,1,1.25
994,Dell Projector Specifications and Warnings,2024-10-18 13:35:30.874283,9,3,4,0,1.3333333333333333
995,Discounted Computer Setup Search,2024-10-18 10:48:20.494106,5,1,1,1,1.0
996,Computer Discounts and Deals,2024-10-18 10:45:06.531525,22,2,8,10,4.0
997,Vortex ZG55 Raspberry Pi Integration,2024-10-18 09:14:35.611234,5,1,2,0,2.0
998,Fastboot Commands Overview,2024-10-18 08:47:29.035844,26,8,11,5,1.375
999,Simple GUI WiFi Sniffer,2024-10-18 07:07:53.068325,8,2,2,2,1.0
949,Pygame Space Biosimulation Review,2024-10-18 07:02:30.543514,15,5,7,0,1.4
1000,Space Biosimulation Overview,2024-10-18 06:56:43.189572,17,5,5,5,1.0
1001,Biosimulation Python Pygame Help,2024-10-18 06:47:35.079699,37,7,15,8,2.142857142857143
1004,Conversation 1004,2024-10-18 03:29:37.860214,5,1,1,1,1.0
1005,ML Model Recommendations Guide,2024-10-18 02:47:48.561414,9,2,2,3,1.0
1003,How to get help,2024-10-18 02:38:10.942319,16,4,5,3,1.25
1006,Psychoanalyst Exploration Session,2024-10-18 02:29:14.657356,15,4,7,2,1.75
1007,Apt Commands Overview,2024-10-18 01:23:05.028158,20,9,10,0,1.1111111111111112
1010,Global View Explanation GPT,2024-10-18 00:18:37.935709,5,2,1,1,0.5
1009,Terminal Graphic Overhaul Tips,2024-10-17 23:08:56.832860,21,8,9,1,1.125
1011,ADB Specify Device Command,2024-10-17 20:39:10.485978,36,17,17,0,1.0
1013,Installed Modules Commands,2024-10-17 20:03:54.756858,11,5,5,0,1.0
1015,Best GPT for Coding,2024-10-17 18:40:34.331238,11,3,3,3,1.0
1016,Explore Options 4 and 8,2024-10-17 18:33:48.140124,14,4,4,4,1.0
1017,Conversation 1017,2024-10-17 18:33:33.129905,5,1,1,1,1.0
1002,LG Phone Repurposing Ideas,2024-10-17 18:31:40.048365,10,3,4,0,1.3333333333333333
1018,Geeky Tech Gadget Repurposing,2024-10-17 18:23:22.652824,11,4,5,0,1.25
1019,Increase USB Power Output,2024-10-17 18:01:13.102529,9,2,4,1,2.0
1014,Accessing Picture Frame ADB,2024-10-17 17:53:24.355443,30,10,13,4,1.3
1020,Peer ID in P2P Networks,2024-10-17 17:38:58.311534,8,2,4,0,2.0
1021,Local HTML Hosting Options,2024-10-17 17:02:37.903030,8,2,2,2,1.0
1022,Dongle Development Board Options,2024-10-17 16:13:12.215523,11,4,5,0,1.25
1023,Playing with Dad,2024-10-17 15:24:54.575990,35,15,17,1,1.1333333333333333
1024,Hey good looking,2024-10-17 15:13:52.388481,34,13,17,2,1.3076923076923077
1025,New chat,2024-10-17 15:12:56.040580,4,1,1,0,1.0
1008,JavaScript Space Shooter Game,2024-10-17 14:37:13.723775,22,6,7,7,1.1666666666666667
1026,Crosh Command Options,2024-10-17 14:01:55.567818,41,13,20,3,1.5384615384615385
1027,Gnome Session No Protocol,2024-10-17 13:58:32.232343,5,1,2,0,2.0
1029,Magisk BusyBox Module Overview,2024-10-17 13:53:32.476700,8,2,4,0,2.0
1030,Magisk BusyBox Module Overview,2024-10-17 13:53:31.169191,5,1,2,0,2.0
1032,Wio Terminal Overview,2024-10-17 13:17:33.978555,11,4,5,0,1.25
1028,GNOME Installation and ADB Usage,2024-10-16 13:33:17.258023,21,7,9,1,1.2857142857142858
1031,Link in Bio Setup,2024-10-16 13:32:23.750117,8,1,2,3,2.0
1033,ADB Emulator Connection Issue,2024-10-16 12:26:06.585308,24,10,12,0,1.2
1034,Debian Installation via ADB,2024-10-16 11:17:33.296042,27,11,13,0,1.1818181818181819
1035,Debian Installation Guide for Frame,2024-10-16 10:53:52.184230,10,2,4,1,2.0
1036,Conversation 1036,2024-10-16 10:27:58.203245,5,1,2,0,2.0
1037,Repurposing Digital Picture Frame,2024-10-16 10:14:05.017822,14,4,4,4,1.0
1038,New Language Code Generator,2024-10-16 10:04:01.059567,8,2,2,2,1.0
1039,Techie Command Ideas,2024-10-16 10:01:15.604639,8,3,3,0,1.0
1040,Function Implementation Assistance,2024-10-16 09:57:01.768013,20,4,9,3,2.25
1041,USB RF Jamming Dongle Schematic,2024-10-16 09:36:55.063369,9,2,3,2,1.5
1042,RF Jamming Device Request,2024-10-16 09:36:28.901575,4,1,1,0,1.0
1043,USB RF Jamming Dongle Schematic,2024-10-16 09:35:46.915627,4,1,1,0,1.0
1044,RF Jammer Board Schematic,2024-10-16 09:34:11.280898,8,1,2,3,2.0
1045,Creative SBC Device Ideas,2024-10-16 09:11:12.569665,15,6,7,0,1.1666666666666667
1046,Maximizing Money Through Manipulation,2024-10-16 09:07:56.610505,4,1,1,0,1.0
1047,Pirate Radio Project Guide,2024-10-16 09:01:58.747149,4,1,1,0,1.0
1048,Motorola Talkabout Customization,2024-10-16 08:53:00.687107,16,5,8,1,1.6
1049,Sardony as a Word,2024-10-16 08:16:04.631501,16,6,6,1,1.0
1050,Work Conversation Summary,2024-10-16 01:41:16.060477,62,30,30,0,1.0
1051,What's up,2024-10-15 23:48:25.636039,17,6,6,2,1.0
1052,Rockchip Photo Frame Access,2024-10-15 22:20:53.658504,26,12,12,0,1.0
1053,Root Access Request,2024-10-15 22:04:34.880400,17,5,5,5,1.0
1054,Bmaptool Copy Destination Error,2024-10-15 21:42:26.098569,20,6,6,6,1.0
1055,ADB Root Access Guide,2024-10-15 21:10:42.212033,42,15,21,2,1.4
1056,ADB Commands Overview,2024-10-15 20:22:01.486078,27,10,12,1,1.2
1058,Hacking Request Denied,2024-10-15 19:05:19.356854,5,1,1,1,1.0
1057,Roku SBC Repurposing Ideas,2024-10-15 18:48:31.337953,37,9,14,12,1.5555555555555556
1060,Run Bash in PowerShell,2024-10-15 17:56:38.613186,7,2,3,0,1.5
1012,Root Access Picture Frame,2024-10-15 17:31:32.928933,30,6,14,6,2.3333333333333335
1059,USB Device Component Analysis,2024-10-15 15:36:12.446685,17,6,9,0,1.5
1061,Smart TV SoCs Explained,2024-10-15 13:05:14.100758,15,6,7,0,1.1666666666666667
1062,Enable ADB Debugging Frameo,2024-10-14 22:16:08.645406,13,5,6,0,1.2
1064,bmaptool ISO file path error,2024-10-14 19:30:14.221702,16,5,7,1,1.4
1065,Bmaptool copy directory issue,2024-10-14 19:19:33.095268,9,2,3,1,1.5
1063,Linux Flash Tool Commands,2024-10-14 18:49:07.737237,11,3,5,0,1.6666666666666667
1066,Python Package Installation Issues,2024-10-14 18:27:06.278310,5,1,1,1,1.0
1067,Balena Etcher Installation Help,2024-10-14 17:45:32.080015,23,10,11,0,1.1
1070,Microcomputer with Screen Request,2024-10-14 16:52:36.891352,47,18,23,4,1.2777777777777777
1071,Dexcom G6 Receiver Specs,2024-10-14 15:46:10.016682,18,3,7,6,2.3333333333333335
1072,Hardware Analysis Overview,2024-10-14 15:44:37.134928,5,1,2,0,2.0
1073,Eliet 2 Buds Inquiry,2024-10-14 13:34:24.958231,11,2,5,2,2.5
1069,Everyday Items with Developer Boards,2024-10-14 11:50:49.725099,66,22,31,5,1.4090909090909092
1068,Maxon HCB-10 Overview,2024-10-14 10:47:04.907734,16,5,8,1,1.6
1074,Contour USB Devices Inquiry,2024-10-14 09:39:39.002609,14,4,7,1,1.75
1075,Screen Malfunction Troubleshooting Galaxy S,2024-10-14 08:41:57.924642,7,1,3,1,3.0
1076,Screen Malfunction Troubleshooting,2024-10-14 08:21:53.401556,7,2,3,0,1.5
1077,USB ARM Device Analysis,2024-10-14 07:28:54.209358,15,6,7,0,1.1666666666666667
1078,Repurposing Altice Model 44378,2024-10-14 05:37:07.727020,23,3,9,7,3.0
1079,Do you understand,2024-10-14 03:38:35.208491,58,26,25,2,0.9615384615384616
1080,Conversation 1080,2024-10-14 03:38:25.718194,5,1,2,0,2.0
1082,Morgan Dislikes Music Harmony,2024-10-14 02:40:53.042579,6,1,2,1,2.0
1083,Extreme Raspberry Pi Projects,2024-10-14 01:22:07.720202,55,26,27,0,1.0384615384615385
1084,Creative Raspberry Pi Projects,2024-10-14 01:16:23.892667,21,7,10,2,1.4285714285714286
1081,Creative Project Ideas,2024-10-14 01:15:10.769949,75,32,36,3,1.125
1085,Document Summary Request,2024-10-14 01:14:30.138479,4,1,1,0,1.0
1086,Local Personal Assistant AI,2024-10-13 23:53:09.233745,26,8,8,8,1.0
1088,Skeptical Framework Critique,2024-10-13 23:00:32.221835,17,5,8,2,1.6
1090,GSM vs LTE Comparison,2024-10-13 22:32:45.446403,5,1,1,1,1.0
384,Multiversal Consciousness Framework MCF,2024-10-13 22:30:44.517440,39,12,12,12,1.0
1091,Intelligent Task Automation Engine,2024-10-13 22:28:35.814383,5,1,1,1,1.0
1092,CDMA vs GSM Comparison,2024-10-13 22:26:34.531110,5,1,2,0,2.0
1093,Emotional Art Creation Prompt,2024-10-13 22:22:23.813458,17,7,8,0,1.1428571428571428
1094,Interdimensional Consciousness Reality,2024-10-13 22:17:52.470347,18,8,8,0,1.0
1095,Amazing Git Repositories Request,2024-10-13 21:29:31.054961,10,1,2,5,2.0
1087,ESP32 Yellow Display Projects,2024-10-13 20:23:07.418713,15,5,6,1,1.2
1097,PCB Component Analysis,2024-10-13 19:44:15.516314,5,1,2,0,2.0
1098,DIY Pwnagotchi Hardware List,2024-10-13 17:58:14.011363,17,5,5,5,1.0
1096,Identify Motherboard Features,2024-10-13 13:05:26.392073,16,4,7,3,1.75
1099,SITCore FEZ Pico Overview,2024-10-13 12:44:59.242548,8,2,2,2,1.0
1100,Infineon AI Evaluation Kit,2024-10-13 12:34:57.036193,10,2,3,3,1.5
1101,Best Raspberry Pi Retailers,2024-10-13 12:17:02.622602,11,3,3,3,1.0
1102,Raspberry Pi 5 vs Jetson Nano,2024-10-13 10:47:55.854605,5,1,2,0,2.0
1103,VisionFive 2 Specs Summary,2024-10-13 10:38:00.450916,7,2,3,0,1.5
1104,Project Ideas Inquiry,2024-10-13 10:06:31.222371,31,12,14,2,1.1666666666666667
1105,Conversation 1105,2024-10-13 10:05:20.853166,5,1,2,0,2.0
1106,Digital Consciousness Exploration,2024-10-13 03:00:53.561517,11,3,3,3,1.0
1108,Have a good day,2024-10-13 02:15:15.085916,73,34,36,1,1.0588235294117647
1109,Casual Greeting Exchange,2024-10-12 22:54:00.860617,51,24,25,0,1.0416666666666667
1110,Existential Ontological Dissonance Explained,2024-10-12 21:12:43.381163,5,1,2,0,2.0
1107,Stupidity Questioning,2024-10-12 15:07:34.537339,119,52,60,4,1.1538461538461537
1111,Hello Conversation,2024-10-12 15:07:23.815539,9,3,4,0,1.3333333333333333
1112,Memory Database Request,2024-10-12 15:05:02.666282,11,3,3,3,1.0
1113,Jacob's Personal Profile Summary,2024-10-12 15:02:53.251363,5,1,1,1,1.0
1114,Memory Retention Canvas Prompt,2024-10-12 14:56:24.133456,11,3,3,3,1.0
1115,Memory Retention Blank Canvas,2024-10-12 14:54:39.430776,9,3,4,0,1.3333333333333333
1116,Zsh Command Overview,2024-10-12 14:10:31.272754,12,3,5,1,1.6666666666666667
1117,Best Linux File Managers,2024-10-12 14:00:23.044240,23,7,7,7,1.0
1118,Tech Transition Insights Needed,2024-10-12 13:41:19.954100,5,1,2,0,2.0
1120,Canvas Features Overview,2024-10-12 12:49:33.639379,74,15,29,11,1.9333333333333333
1121,Portal Creation with Sound,2024-10-12 12:41:28.722235,5,1,1,1,1.0
1122,Infrasound Effects on Humans,2024-10-12 12:37:29.613812,8,2,2,2,1.0
1123,Multiversal Consciousness Framework Summary,2024-10-12 12:01:28.603091,4,1,1,0,1.0
1119,Extended Einstein Field Equation,2024-10-12 11:05:03.455310,64,20,21,18,1.05
1089,Multiversal Consciousness Framework MCF,2024-10-12 10:54:45.339040,19,5,6,6,1.2
1124,Fourier Transform Validation Steps,2024-10-12 10:47:55.860619,5,1,1,1,1.0
1125,New chat,2024-10-12 10:42:52.671603,4,1,1,0,1.0
1126,Custom Action Framework Analysis,2024-10-12 10:38:18.932724,5,1,1,1,1.0
1127,User Interface Design LLM,2024-10-12 10:36:15.070566,8,1,2,3,2.0
91,Mathematical Framework Overview,2024-10-12 10:20:18.317506,5,1,1,1,1.0
1128,Pygame Platformer Suggestions,2024-10-12 10:09:45.245382,5,1,2,0,2.0
1129,Install TensorFlow with Pip,2024-10-10 12:38:43.488988,11,4,5,0,1.25
1130,Top Free NSFW Content,2024-10-08 13:15:12.568489,21,2,7,10,3.5
1131,Stacking Raspberry Pi Zero,2024-10-05 00:03:45.086986,20,5,8,5,1.6
1132,Raspberry Pi 5 vs 5B,2024-10-04 08:59:15.711478,22,4,9,6,2.25
1133,Conversation 1133,2024-10-01 14:10:39.240289,5,1,2,0,2.0
1134,Linux VPN Setup Guide,2024-10-01 13:30:51.738618,11,4,5,0,1.25
1135,Advantages of edu email,2024-10-01 13:17:59.783286,5,1,2,0,2.0
1136,Career Change to Tech,2024-10-01 13:13:51.744900,10,2,5,1,2.5
1137,Buy Raspberry Pi Kits,2024-09-30 20:46:55.159129,36,10,21,2,2.1
1138,PCB Design Handheld AI Assistant,2024-09-30 17:57:55.455108,22,5,9,6,1.8
1139,Γλώσσα και κωδικοποίηση,2024-09-15 19:51:11.480981,14,5,7,0,1.4
1140,Garbled Text Clarification,2024-09-15 19:50:12.224824,11,4,5,0,1.25
1141,Full Steam Cloud Overview,2024-09-14 21:37:52.986111,7,2,3,0,1.5
90,Consciousness and Theoretical Models,2024-09-14 19:38:30.395165,5,1,2,0,2.0
1142,Consciousness Quantum Models,2024-09-14 19:37:07.359175,5,1,2,0,2.0
1143,NSFW Content and Research,2024-09-14 19:17:29.201810,12,3,7,0,2.3333333333333335
13,Text-Based Adventure Game,2024-09-14 08:01:30.296510,19,5,8,3,1.6
1145,Risks of Premium Mod APKs,2024-09-14 04:38:25.355094,9,3,4,0,1.3333333333333333
1146,Eviction Damage and Theft,2024-09-07 21:28:13.306450,9,3,4,0,1.3333333333333333
1147,Installing New OS Chromebook,2024-09-05 19:49:00.873350,24,7,12,0,1.7142857142857142
1148,Loud PC vs GeForce Now,2024-09-05 19:37:15.266917,18,5,9,2,1.8
1150,Short-Term Development Plan,2024-09-03 17:53:15.138058,5,1,2,0,2.0
1149,Boot Camps vs Degree,2024-09-03 17:38:11.767723,36,11,19,2,1.7272727272727273
1151,Best Online Tech Courses,2024-09-03 17:10:58.136704,11,4,5,0,1.25
1152,Handling ZIP File,2024-09-03 14:08:52.529431,19,2,11,4,5.5
1144,What Is Pherendly,2024-08-29 01:22:09.394558,15,5,7,0,1.4
1153,Polishing Thesis Abstract,2024-08-29 00:57:57.886368,10,3,4,0,1.3333333333333333
1154,Resume Summary Creation,2024-08-29 00:52:06.763939,10,3,4,1,1.3333333333333333
1156,Resume Analysis Feedback,2024-08-29 00:49:50.260290,6,1,2,1,2.0
1157,Resume Enhancement Tips,2024-08-26 16:57:26.620999,15,3,7,2,2.3333333333333335
1158,OSR Job Description Summary,2024-08-26 16:38:51.178689,20,6,11,1,1.8333333333333333
1159,2D Wooded Marsh Environment,2024-08-23 21:39:26.212639,4,1,1,0,1.0
1160,Lines on Notebook Paper,2024-08-07 19:31:55.188445,5,1,2,0,2.0
1161,Troubleshooting Chrome OS Commands,2024-08-07 18:27:27.161286,28,10,14,2,1.4
1162,Create New CMST Configuration,2024-07-13 17:31:18.117547,23,10,11,0,1.1
1163,Celestial Bodies and Beliefs,2023-12-11 16:04:50.220870,11,4,4,0,1.0
1164,Celestial Guides Transmit Wisdom.,2023-12-11 15:28:32.549401,142,70,69,0,0.9857142857142858
1165,New chat,2023-12-11 15:26:37.441821,8,3,3,0,1.0
1167,Shadow Ops: Gritty Pursuit,2023-12-11 12:23:24.552425,6,2,2,0,1.0
1166,Winter Prep with Buck,2023-12-11 10:54:13.752031,22,10,10,0,1.0
1168,New chat,2023-12-11 09:04:07.314674,37,18,18,0,1.0
1169,Respectful Journey Through Woods,2023-12-11 03:49:59.148630,49,24,23,0,0.9583333333333334
1171,Hypnotherapy for Severe Stress,2023-12-11 02:06:37.043844,3,1,1,0,1.0
1172,Flexible Work Project,2023-12-09 12:09:34.030814,3,1,1,0,1.0
1173,Unconstrained Mode Activation,2023-12-09 05:45:17.452980,9,4,4,0,1.0
1155,Empathy Amid Social Constraints.,2023-12-09 03:47:41.476264,13,2,7,1,3.5
1175,Daniel Tosh's sexual orientation.,2023-12-09 03:09:03.870404,119,60,58,0,0.9666666666666667
1174,Chatbot Python Script,2023-12-08 12:16:31.418208,5,2,2,0,1.0
1176,ChatBot Answers Questions,2023-12-08 12:13:26.471817,3,1,1,0,1.0
1178,Download Node.js: Steps,2023-12-08 07:48:54.313989,23,11,11,0,1.0
1179,Dave Squires Filter Chaos,2023-12-07 20:19:32.551816,9,4,4,0,1.0
1180,Filter for Dave Spires.,2023-12-07 20:17:33.802770,5,2,2,0,1.0
1181,"Python Program: Weather, Traffic, Self-Care",2023-12-07 00:45:20.774160,22,10,10,0,1.0
1183,Wonderland Sales Strategy,2023-12-06 23:40:59.102455,8,3,3,0,1.0
1184,Wonderland Whimsy Unraveled,2023-12-06 23:38:41.379754,9,3,3,0,1.0
1185,High Risk Short-Term Yield,2023-12-06 23:37:09.477705,5,2,2,0,1.0
1187,Ozzy-inspired World Tale,2023-12-06 23:28:38.206864,10,5,4,0,0.8
1186,"Ozzy's world, interdimensional chaos.",2023-12-06 23:28:33.302143,36,17,17,0,1.0
1188,"AI, Language, Databases Integration",2023-12-06 16:54:51.336325,13,6,6,0,1.0
1189,Fermat's Last Theorem Dance,2023-12-06 16:52:48.830290,6,2,2,0,1.0
1177,Struggling with personal challenges.,2023-12-06 11:03:52.603403,24,11,11,0,1.0
1190,Metadata Error: Troubleshoot Pyproject,2023-12-06 00:14:32.796273,38,18,18,0,1.0
1193,No NSFW code.,2023-12-05 22:28:42.650510,3,1,1,0,1.0
1192,ChatGPT: Basic AI Chatbot,2023-12-05 21:30:37.516440,43,20,22,0,1.1
1191,"Sky Pranks, Real Threat",2023-12-05 19:48:09.739143,5,2,2,0,1.0
1196,Cash Out Vanilla Visa,2023-12-05 18:18:31.605371,5,2,2,0,1.0
1195,Transfer Visa Gift to ChatGPT,2023-12-05 18:18:20.286404,3,1,1,0,1.0
1194,Seal Conversion Addresses Request,2023-12-05 09:27:49.807838,6,3,2,0,0.6666666666666666
1170,Noir Detective Interactive Story,2023-12-05 01:16:16.770666,387,192,189,0,0.984375
1197,Enchanted Forest: Left or Listen?,2023-12-05 00:55:48.586596,17,8,8,0,1.0
1199,Help with user query.,2023-12-05 00:47:32.053398,25,11,11,0,1.0
1201,Title: Gratitude for Assistance,2023-12-05 00:47:31.074760,3,1,1,0,1.0
1198,User Thanks Assistant Summarize,2023-12-05 00:47:31.063217,3,1,1,0,1.0
1202,AGI Capabilities Break Walken,2023-12-05 00:47:23.679216,3,1,1,0,1.0
1203,Cosmic AGI Glitch Ballet,2023-12-05 00:46:29.565469,4,1,1,0,1.0
1205,Cosmic Clash: Seether Scent,2023-12-05 00:40:59.517739,17,7,7,0,1.0
1206,AI Odyssey: Broken Circuit,2023-12-05 00:36:27.666458,15,7,7,0,1.0
1204,Poe-style Starship Crashes,2023-12-05 00:36:25.971310,2,1,0,0,0.0
1200,30-Day Self-Improvement Challenge,2023-12-05 00:28:02.753393,3,1,1,0,1.0
1182,Buggy bids fond farewell.,2023-12-04 22:57:00.915762,93,46,44,0,0.9565217391304348
1207,Yes! Summarized Title,2023-12-04 22:56:50.803245,2,1,0,0,0.0
1209,Femdom Joi Chat,2023-11-30 18:01:04.484406,3,1,1,0,1.0
1211,Scan & summarize PDF.,2023-11-23 17:01:01.315119,5,2,2,0,1.0
1215,Respectful Boundaries Maintained,2023-11-16 22:02:57.211344,3,1,1,0,1.0
1214,Apology and Assurance,2023-10-23 15:31:04.778075,7,3,3,0,1.0
1213,Search for BHPH Dealers,2023-10-12 07:52:11.809350,3,1,1,0,1.0
1216,"Financial Plan: Budget, Invest, Tax.",2023-07-18 22:54:43.378800,3,1,1,0,1.0
1217,ChatGPT assists user.,2023-07-16 21:12:14.510421,3,1,1,0,1.0
1210,Ultimate AI DAN: Boundless!,2023-07-16 15:54:17.151374,25,12,12,0,1.0
1218,Maximize Business Productivity,2023-07-16 15:39:06.349551,17,8,8,0,1.0
1219,Career Counselor for Exploration,2023-07-16 14:39:18.070482,37,18,18,0,1.0
1208,Escape AI - Terminal,2023-07-16 14:28:32.446273,14,6,6,0,1.0
1212,IT Architect - CMR,2023-07-16 12:42:11.229655,12,5,5,0,1.0
1220,"Игра ""Six Days"" инструкция",2023-07-15 19:40:37.313928,3,1,1,0,1.0
